project_id,project_title,common_discipline,discipline_weight_normalized
0135C78D-4E50-49C9-AD72-2A99F8D94814,Development of a Continuous Clean Alkene Epoxidation Process Technology for the Production of Commercially Important Epoxide Building Blocks,Engineering & Manufacturing,20.0
0135C78D-4E50-49C9-AD72-2A99F8D94814,Development of a Continuous Clean Alkene Epoxidation Process Technology for the Production of Commercially Important Epoxide Building Blocks,Materials & Chemistry,80.0
015204E6-2BAF-4594-B4E5-73F52C52629B,Recycling nutrient resources in waste for food security and environmental sustainability,Engineering & Manufacturing,30.0
015204E6-2BAF-4594-B4E5-73F52C52629B,Recycling nutrient resources in waste for food security and environmental sustainability,Environmental & Earth Sciences,50.0
015204E6-2BAF-4594-B4E5-73F52C52629B,Recycling nutrient resources in waste for food security and environmental sustainability,"Life, Agricultural & Health Sciences",20.0
01BD79F0-409F-4A26-A744-85189BD46C84,The development of a novel biorefining strategy for the valorisation of textile waste,Engineering & Manufacturing,45.45454545454545
01BD79F0-409F-4A26-A744-85189BD46C84,The development of a novel biorefining strategy for the valorisation of textile waste,Environmental & Earth Sciences,36.36363636363637
01BD79F0-409F-4A26-A744-85189BD46C84,The development of a novel biorefining strategy for the valorisation of textile waste,Materials & Chemistry,18.181818181818183
033CDCDA-44BF-4818-AFDD-872739C1C0F8,Resilient and sustainable steel frame with innovative post-tensioned connections and rate-dependent passive dampers for multi-hazard resistant design,Engineering & Manufacturing,100.0
03CDBC64-A89F-48D1-BACD-E6C5885539A1,On-Demand Design & Manufacturing of Customised 3D Fashion & Textile Products,Engineering & Manufacturing,100.0
03E3BC39-6A87-4CC0-A4C7-E578A4A244FB,The Economics of Marine Plastic Pollution: What are the Benefits of International Cooperation?,Environmental & Earth Sciences,50.0
03E3BC39-6A87-4CC0-A4C7-E578A4A244FB,The Economics of Marine Plastic Pollution: What are the Benefits of International Cooperation?,"Social Sciences, Business & Economics",50.0
04B2659B-A557-46BD-B1A9-FEE7F61FC2F1,Complex Value Optimisation for Resource Recovery from Waste (C-VORR),Environmental & Earth Sciences,100.0
05A2D1E8-338E-47B3-8C43-1CBEA1D6363D,Nature-inspired bio-Syngas Technologies for Olefins Synthesis,Engineering & Manufacturing,70.0
05A2D1E8-338E-47B3-8C43-1CBEA1D6363D,Nature-inspired bio-Syngas Technologies for Olefins Synthesis,Materials & Chemistry,30.0
05E99F56-1CE2-4A95-B5EC-92E4862B0DFB,Visit to Research & Educational Institutions in India.,Engineering & Manufacturing,100.0
06374C2C-892D-4253-A416-D0FB6BCC8024,Portable solar powered electricity supplies using recovered batteries,Energy,100.0
0668387B-897C-4B2D-94D4-0BA62C5D556A,The role of Phosphorus in the Resilience and Sustainability of the UK food system,Environmental & Earth Sciences,60.0
0668387B-897C-4B2D-94D4-0BA62C5D556A,The role of Phosphorus in the Resilience and Sustainability of the UK food system,"Life, Agricultural & Health Sciences",20.0
0668387B-897C-4B2D-94D4-0BA62C5D556A,The role of Phosphorus in the Resilience and Sustainability of the UK food system,"Social Sciences, Business & Economics",20.0
06DEEBD9-88F0-4F27-B7D3-048A339CF216,Beyond Biorecovery: environmental win-win by biorefining of metallic wastes into new functional materials (B3),Engineering & Manufacturing,10.0
06DEEBD9-88F0-4F27-B7D3-048A339CF216,Beyond Biorecovery: environmental win-win by biorefining of metallic wastes into new functional materials (B3),Environmental & Earth Sciences,65.0
06DEEBD9-88F0-4F27-B7D3-048A339CF216,Beyond Biorecovery: environmental win-win by biorefining of metallic wastes into new functional materials (B3),"Life, Agricultural & Health Sciences",15.0
06DEEBD9-88F0-4F27-B7D3-048A339CF216,Beyond Biorecovery: environmental win-win by biorefining of metallic wastes into new functional materials (B3),Materials & Chemistry,10.0
08127934-284E-4BE3-8D8B-D8D42E52C2D0,Bio-GENTLE Green membrane bioseparation for circular economy,Engineering & Manufacturing,31.57894736842105
08127934-284E-4BE3-8D8B-D8D42E52C2D0,Bio-GENTLE Green membrane bioseparation for circular economy,"Life, Agricultural & Health Sciences",52.63157894736842
08127934-284E-4BE3-8D8B-D8D42E52C2D0,Bio-GENTLE Green membrane bioseparation for circular economy,Materials & Chemistry,15.789473684210526
08707C3D-ABB4-43BF-8B42-7EB3B65A4670,International Upcycling Research Network,Engineering & Manufacturing,50.0
08707C3D-ABB4-43BF-8B42-7EB3B65A4670,International Upcycling Research Network,Environmental & Earth Sciences,16.666666666666664
08707C3D-ABB4-43BF-8B42-7EB3B65A4670,International Upcycling Research Network,"Social Sciences, Business & Economics",33.33333333333333
09065524-A5B6-470F-95AB-5CECE44AA19F,"Innovative Material, Processes and Devices for Low Power Flexible Electronics: Creating a Sustainable Internet of Everything",Computer & Quantitative Sciences,45.0
09065524-A5B6-470F-95AB-5CECE44AA19F,"Innovative Material, Processes and Devices for Low Power Flexible Electronics: Creating a Sustainable Internet of Everything",Engineering & Manufacturing,25.0
09065524-A5B6-470F-95AB-5CECE44AA19F,"Innovative Material, Processes and Devices for Low Power Flexible Electronics: Creating a Sustainable Internet of Everything",Materials & Chemistry,30.0
09619850-96C7-4539-B801-7197E6AA907D,Carbon negative chemicals synthesis directly from the air,Energy,60.0
09619850-96C7-4539-B801-7197E6AA907D,Carbon negative chemicals synthesis directly from the air,Materials & Chemistry,40.0
0BE3BDB1-8A69-4C8D-9F63-FBE6A6CF8485,"Breaking FROntiers for advanced engineering of bespoke, functional Biopolymer COmposite materials (FROBCO)",Engineering & Manufacturing,50.0
0BE3BDB1-8A69-4C8D-9F63-FBE6A6CF8485,"Breaking FROntiers for advanced engineering of bespoke, functional Biopolymer COmposite materials (FROBCO)",Materials & Chemistry,50.0
0CF1C0FF-1675-406C-A87C-814CAC5A765E,Developing iron-rich cement clinker & understanding ferrite for the valorisation & upcycling of steel slags (FeRICH),Engineering & Manufacturing,85.0
0CF1C0FF-1675-406C-A87C-814CAC5A765E,Developing iron-rich cement clinker & understanding ferrite for the valorisation & upcycling of steel slags (FeRICH),Materials & Chemistry,15.0
0CFAB4F4-A537-4D15-926C-0D699C84477A,iNEED (including Non-destructive Evaluation in Engineered Design),Computer & Quantitative Sciences,20.0
0CFAB4F4-A537-4D15-926C-0D699C84477A,iNEED (including Non-destructive Evaluation in Engineered Design),Engineering & Manufacturing,80.0
0DF40B78-263A-407E-A86A-2531652A3A7A,Biomanufacturing with carbon capture and utilisation: A Zero Carbon Loss System,Engineering & Manufacturing,100.0
0E163F22-9639-445C-9D7D-F3635AC240D4,Circular economy transition and the Indian E-waste Market,"Social Sciences, Business & Economics",100.0
0FB89515-4D3A-413D-A986-60145448E86C,Smart Materials - Designing for Functionality,Computer & Quantitative Sciences,20.0
0FB89515-4D3A-413D-A986-60145448E86C,Smart Materials - Designing for Functionality,Engineering & Manufacturing,40.0
0FB89515-4D3A-413D-A986-60145448E86C,Smart Materials - Designing for Functionality,Materials & Chemistry,40.0
0FFD0DA6-3142-4464-9D1F-00A8575F8C04,Catalytic production of monomers for sustainable polymers from carbon dioxide and diols,Materials & Chemistry,100.0
0FFD937E-BA53-4ED2-B445-D86B893EA84E,Developing a suite of novel land conditioners and plant fertilisers from the waste streams of biomass energy generation,Energy,20.0
0FFD937E-BA53-4ED2-B445-D86B893EA84E,Developing a suite of novel land conditioners and plant fertilisers from the waste streams of biomass energy generation,Environmental & Earth Sciences,20.0
0FFD937E-BA53-4ED2-B445-D86B893EA84E,Developing a suite of novel land conditioners and plant fertilisers from the waste streams of biomass energy generation,"Life, Agricultural & Health Sciences",60.0
1018232C-9586-4121-8D5B-F27940BD8ED7,THrough life Energy and Resource Modelling (THERM),"Social Sciences, Business & Economics",100.0
11067372-8B5A-4E24-AC90-FC8D351E648E,"Elements of Bioremediation, Biomanufacturing & Bioenergy (E3B): Metals in Biology",Computer & Quantitative Sciences,20.0
11067372-8B5A-4E24-AC90-FC8D351E648E,"Elements of Bioremediation, Biomanufacturing & Bioenergy (E3B): Metals in Biology",Engineering & Manufacturing,40.0
11067372-8B5A-4E24-AC90-FC8D351E648E,"Elements of Bioremediation, Biomanufacturing & Bioenergy (E3B): Metals in Biology","Life, Agricultural & Health Sciences",20.0
11067372-8B5A-4E24-AC90-FC8D351E648E,"Elements of Bioremediation, Biomanufacturing & Bioenergy (E3B): Metals in Biology",Materials & Chemistry,20.0
11E9F02C-12C4-41F8-8AA3-841BCAB91C27,Switchable Polymer Manufacturing Delivering Sustainable Products,Engineering & Manufacturing,60.0
11E9F02C-12C4-41F8-8AA3-841BCAB91C27,Switchable Polymer Manufacturing Delivering Sustainable Products,Materials & Chemistry,40.0
120D4CA3-B9C6-49AB-A2CF-9E51BE63478F,"International multi-disciplinary workshop: Funding, Financing & Emerging Technologies in Infrastructure",Engineering & Manufacturing,100.0
122B07C5-9A5D-4661-8C10-772AFA0B7000,Innovative Coatings and Adhesives for Recycling (I-CARE),Engineering & Manufacturing,55.00000000000001
122B07C5-9A5D-4661-8C10-772AFA0B7000,Innovative Coatings and Adhesives for Recycling (I-CARE),Environmental & Earth Sciences,15.0
122B07C5-9A5D-4661-8C10-772AFA0B7000,Innovative Coatings and Adhesives for Recycling (I-CARE),Materials & Chemistry,30.0
12F81017-A92C-4971-9EE0-0525608AA8C4,High efficiency value-added bulk recycling of polymers by solid state shear milling,Engineering & Manufacturing,100.0
1350B1DE-DDC0-4A68-BF2C-87C832FF995A,Industrial Demand Reduction through Innovative Storage Technologies (IDRIST),Energy,100.0
13F7BFAC-839B-4C90-93B3-5901DE72765D,"Biogeochemistry, Bioextraction and Biorecovery of Rare Earth Elements.",Engineering & Manufacturing,75.0
13F7BFAC-839B-4C90-93B3-5901DE72765D,"Biogeochemistry, Bioextraction and Biorecovery of Rare Earth Elements.","Life, Agricultural & Health Sciences",25.0
15210106-D80C-4236-BB9D-28709441F3E8,Bioenergy waste residues as alternatives to conventional inorganic fertilisers for sustainable food production in sub-Saharan Africa,Energy,30.0
15210106-D80C-4236-BB9D-28709441F3E8,Bioenergy waste residues as alternatives to conventional inorganic fertilisers for sustainable food production in sub-Saharan Africa,Environmental & Earth Sciences,20.0
15210106-D80C-4236-BB9D-28709441F3E8,Bioenergy waste residues as alternatives to conventional inorganic fertilisers for sustainable food production in sub-Saharan Africa,"Life, Agricultural & Health Sciences",50.0
15B43B53-1754-4489-9A12-DA0FDD8B94CF,Chemical recycling of electronic waste for sustainable livelihoods and material consumption in India,Materials & Chemistry,100.0
15BF3CC0-D87D-4CF8-8F94-79750E741E4C,Sustainable Processing of Energy Materials from Waste,Energy,20.0
15BF3CC0-D87D-4CF8-8F94-79750E741E4C,Sustainable Processing of Energy Materials from Waste,Engineering & Manufacturing,40.0
15BF3CC0-D87D-4CF8-8F94-79750E741E4C,Sustainable Processing of Energy Materials from Waste,Environmental & Earth Sciences,20.0
15BF3CC0-D87D-4CF8-8F94-79750E741E4C,Sustainable Processing of Energy Materials from Waste,Materials & Chemistry,20.0
15E7F5B5-9E37-4458-9A39-156087E84078,High-Performance Compressed Straw Board (HPCSB): A New Generation of Building Materials,Engineering & Manufacturing,100.0
15F1AFF4-B4A7-4569-AB98-4769C059ABD6,Energy Management in Botswana and Sub Saharan Africa (EMBOSSA),Energy,100.0
166D8AF1-FAA4-4387-AD1F-A49065F1868D,Deconstruction and Recovery Information Modelling (DRIM): A Tool for identifying and reclaiming valuable materials at end-of-life of Buildings,Engineering & Manufacturing,50.0
166D8AF1-FAA4-4387-AD1F-A49065F1868D,Deconstruction and Recovery Information Modelling (DRIM): A Tool for identifying and reclaiming valuable materials at end-of-life of Buildings,Materials & Chemistry,50.0
17777579-7775-433E-862E-EB9FD8DD3145,"GEM (Grown, Edible, Meaningful): Herbal Probes for Community-Driven Environmental Change","Arts, Humanities & Behavioural Sciences",16.666666666666664
17777579-7775-433E-862E-EB9FD8DD3145,"GEM (Grown, Edible, Meaningful): Herbal Probes for Community-Driven Environmental Change",Engineering & Manufacturing,16.666666666666664
17777579-7775-433E-862E-EB9FD8DD3145,"GEM (Grown, Edible, Meaningful): Herbal Probes for Community-Driven Environmental Change","Social Sciences, Business & Economics",66.66666666666666
180F614D-E448-458F-9F36-2FE343B87AEF,The potential to restore eutrophic freshwater systems in the UK with economic benefits,Computer & Quantitative Sciences,10.0
180F614D-E448-458F-9F36-2FE343B87AEF,The potential to restore eutrophic freshwater systems in the UK with economic benefits,Engineering & Manufacturing,20.0
180F614D-E448-458F-9F36-2FE343B87AEF,The potential to restore eutrophic freshwater systems in the UK with economic benefits,Environmental & Earth Sciences,50.0
180F614D-E448-458F-9F36-2FE343B87AEF,The potential to restore eutrophic freshwater systems in the UK with economic benefits,"Life, Agricultural & Health Sciences",20.0
187E0F5E-DC87-4618-A37D-649DEA6F2E0B,Decarbonising The Acrylic Value Chain Via Resource Circularity,"Life, Agricultural & Health Sciences",20.0
187E0F5E-DC87-4618-A37D-649DEA6F2E0B,Decarbonising The Acrylic Value Chain Via Resource Circularity,Materials & Chemistry,80.0
19134F07-B2F4-451D-BE73-6C4F05E1FC19,Urban Construction Consolidation Centre,Computer & Quantitative Sciences,50.0
19134F07-B2F4-451D-BE73-6C4F05E1FC19,Urban Construction Consolidation Centre,"Social Sciences, Business & Economics",50.0
1973AE45-AD88-418D-975C-B2DC9443E882,Bioinspired Design: Unforeseen Pathways to impact arising from AHRC funded Bioinspired Textiles Research,Engineering & Manufacturing,100.0
1A926ED0-891B-4C72-93A5-D945E145AC10,"GreenX3: Innovative and sustainable materials, processes and technologies for a GREENer and circular economy",Engineering & Manufacturing,14.285714285714285
1A926ED0-891B-4C72-93A5-D945E145AC10,"GreenX3: Innovative and sustainable materials, processes and technologies for a GREENer and circular economy",Materials & Chemistry,85.71428571428571
1B03B4B9-DF22-4BA8-B46E-9D2007519887,Sustainable Style for Clean Growth: Innovating Textile Production through Engineering Biology,Engineering & Manufacturing,80.0
1B03B4B9-DF22-4BA8-B46E-9D2007519887,Sustainable Style for Clean Growth: Innovating Textile Production through Engineering Biology,Materials & Chemistry,20.0
1B1E9357-A95B-49BD-9F15-43789161C1DC,Unlocking the Brown Macroalgal Cell Wall: From Renewable UK Resource to Value-Added Chemicals and Pharmaceuticals,Engineering & Manufacturing,100.0
1B3242AD-14C8-48A3-966D-064256E2E8A8,Catch and Release: Recycling of Homogenous Metal Catalysts Using Aromatic Tags and Electroactive Nanocarbon Foams,Engineering & Manufacturing,85.0
1B3242AD-14C8-48A3-966D-064256E2E8A8,Catch and Release: Recycling of Homogenous Metal Catalysts Using Aromatic Tags and Electroactive Nanocarbon Foams,Materials & Chemistry,15.0
1B5BC293-0BC9-4261-B9E5-485D86D38381,UKRI National Interdisciplinary Circular Economy Hub,Environmental & Earth Sciences,10.0
1B5BC293-0BC9-4261-B9E5-485D86D38381,UKRI National Interdisciplinary Circular Economy Hub,"Social Sciences, Business & Economics",90.0
1BAEB726-5A83-4D56-BB55-938D9202B8D2,Farm Produced Ultrathin Lightweight Packaging,Engineering & Manufacturing,100.0
1BC4FB5F-DB2F-4ED3-82E0-93525DFD635F,Green Logistics,Computer & Quantitative Sciences,25.0
1BC4FB5F-DB2F-4ED3-82E0-93525DFD635F,Green Logistics,"Social Sciences, Business & Economics",75.0
1CD351AB-54CE-45D5-8235-37C2BE41675D,"Network for Repair, Reuse & Maintenance (RRM) Cultures","Arts, Humanities & Behavioural Sciences",20.0
1CD351AB-54CE-45D5-8235-37C2BE41675D,"Network for Repair, Reuse & Maintenance (RRM) Cultures",Engineering & Manufacturing,20.0
1CD351AB-54CE-45D5-8235-37C2BE41675D,"Network for Repair, Reuse & Maintenance (RRM) Cultures",Environmental & Earth Sciences,20.0
1CD351AB-54CE-45D5-8235-37C2BE41675D,"Network for Repair, Reuse & Maintenance (RRM) Cultures","Social Sciences, Business & Economics",40.0
1D0DFCDF-B00F-47EC-A6A5-E4D417846F5E,An Integrated Approach to Sustainable Urban Redevelopment: Birmingham Eastside as a National and International Demonstrator,Engineering & Manufacturing,100.0
1D37D071-0A7C-46A8-8A83-88453C4847D1,Evaluation of the technical and commercial feasibility of the manufacture of bio-based polyester from cellulose derived hydroxymethyl furfural,"Life, Agricultural & Health Sciences",50.0
1D37D071-0A7C-46A8-8A83-88453C4847D1,Evaluation of the technical and commercial feasibility of the manufacture of bio-based polyester from cellulose derived hydroxymethyl furfural,Materials & Chemistry,50.0
1D9C5A5B-FFFD-41F8-A212-FC1C9274EEA2,From arc magmas to ores (FAMOS): A mineral systems approach,Engineering & Manufacturing,15.0
1D9C5A5B-FFFD-41F8-A212-FC1C9274EEA2,From arc magmas to ores (FAMOS): A mineral systems approach,Environmental & Earth Sciences,85.0
1DA79539-1E4B-41DB-991B-6B57F10D8EC8,"Robust Decentralised Low Energy Faecal Sludge Dewatering leading to Sanitation, Clean Water and Sustainable Energy Resource",Energy,100.0
1DCA3758-8D46-4F77-8120-DCAC8FB05D4D,Thermally Responsive Supports for Enhanced Efficiency in PET Depolymerisation,Engineering & Manufacturing,20.0
1DCA3758-8D46-4F77-8120-DCAC8FB05D4D,Thermally Responsive Supports for Enhanced Efficiency in PET Depolymerisation,Materials & Chemistry,80.0
1DCB4D88-B178-4910-9189-2C49584EC4B8,Materials Chemistry HEC Consortium (MCC),Computer & Quantitative Sciences,50.0
1DCB4D88-B178-4910-9189-2C49584EC4B8,Materials Chemistry HEC Consortium (MCC),Materials & Chemistry,50.0
1EC5130B-ED8A-44C1-96DB-484BC7D1E877,EPSRC Core Equipment Award 2022 - A multi-user XRD facility for Advanced Materials research,"Life, Agricultural & Health Sciences",20.0
1EC5130B-ED8A-44C1-96DB-484BC7D1E877,EPSRC Core Equipment Award 2022 - A multi-user XRD facility for Advanced Materials research,Materials & Chemistry,80.0
1F64D7D8-F087-44B4-9BE5-AD7341631799,One-step reconstruction of plastic waste back to its constituent monomers (ONESTEP),Engineering & Manufacturing,10.0
1F64D7D8-F087-44B4-9BE5-AD7341631799,One-step reconstruction of plastic waste back to its constituent monomers (ONESTEP),Materials & Chemistry,90.0
1F87D6AF-582D-4DFF-AD9D-86B690245B4E,"RECODE Consumer Goods, Big Data and Re-Distributed Manufacturing",Computer & Quantitative Sciences,20.0
1F87D6AF-582D-4DFF-AD9D-86B690245B4E,"RECODE Consumer Goods, Big Data and Re-Distributed Manufacturing",Engineering & Manufacturing,80.0
20629383-6AE2-41CE-832C-D518DA678873,From arc magmas to ores (FAMOS): A mineral systems approach,Engineering & Manufacturing,15.0
20629383-6AE2-41CE-832C-D518DA678873,From arc magmas to ores (FAMOS): A mineral systems approach,Environmental & Earth Sciences,85.0
22108C44-9D69-4E13-89E2-2A034B3EAB89,Production and utilization of environmentally friendly Bio-Eco-products towards Transport4.0,Engineering & Manufacturing,75.0
22108C44-9D69-4E13-89E2-2A034B3EAB89,Production and utilization of environmentally friendly Bio-Eco-products towards Transport4.0,Environmental & Earth Sciences,25.0
22F25BD9-FEEA-4605-889D-DE289B7874B1,Development of the Tripuhyite Technology for Remediating Antimony-Contaminated Waters and Recovering Antimony,Environmental & Earth Sciences,100.0
23CC6193-04E4-4643-B581-F01B458D53B5,Participatory Design and Open Data Platforms for a Data Commons in Scotland: case study - waste management,Computer & Quantitative Sciences,100.0
23D31C80-B56A-4722-9B51-0F7CC04E1C9A,Newton Fund: From orange waste to chemicals: contributions of an integrated biorefinery approach towards sustainable development in Brazil,Engineering & Manufacturing,70.0
23D31C80-B56A-4722-9B51-0F7CC04E1C9A,Newton Fund: From orange waste to chemicals: contributions of an integrated biorefinery approach towards sustainable development in Brazil,"Life, Agricultural & Health Sciences",30.0
2611FD6A-D0D1-4FD8-8A7D-65617391AF43,A synthetic yeast methanotroph for methane based sustainable biomanufacturing - SynYeast,"Life, Agricultural & Health Sciences",100.0
27495766-4EDA-4205-9965-6F2FB0C7C1B2,Water - Energy - Nutrient Nexus in the Cities of the Future,Engineering & Manufacturing,25.0
27495766-4EDA-4205-9965-6F2FB0C7C1B2,Water - Energy - Nutrient Nexus in the Cities of the Future,Environmental & Earth Sciences,75.0
2902838D-970B-42A9-9764-D9F386499490,Artificial Intelligence X-ray Imaging for Sustainable Metal Manufacturing (AIXISuMM),Computer & Quantitative Sciences,40.0
2902838D-970B-42A9-9764-D9F386499490,Artificial Intelligence X-ray Imaging for Sustainable Metal Manufacturing (AIXISuMM),Engineering & Manufacturing,60.0
291ABB86-821B-4701-93C8-33EBD8201AE5,Reimagining Photovoltaics Manufacturing,Energy,20.0
291ABB86-821B-4701-93C8-33EBD8201AE5,Reimagining Photovoltaics Manufacturing,Engineering & Manufacturing,60.0
291ABB86-821B-4701-93C8-33EBD8201AE5,Reimagining Photovoltaics Manufacturing,Materials & Chemistry,20.0
29EA1F02-7A63-4932-8369-9E0EC47703F5,Synergizing Bio- and (electro)-chemical conversion for advanced BiO-alkanes production from biOwaSTes (BioBOOST),Energy,40.0
29EA1F02-7A63-4932-8369-9E0EC47703F5,Synergizing Bio- and (electro)-chemical conversion for advanced BiO-alkanes production from biOwaSTes (BioBOOST),Engineering & Manufacturing,20.0
29EA1F02-7A63-4932-8369-9E0EC47703F5,Synergizing Bio- and (electro)-chemical conversion for advanced BiO-alkanes production from biOwaSTes (BioBOOST),Environmental & Earth Sciences,20.0
29EA1F02-7A63-4932-8369-9E0EC47703F5,Synergizing Bio- and (electro)-chemical conversion for advanced BiO-alkanes production from biOwaSTes (BioBOOST),Materials & Chemistry,20.0
2AC82F98-085F-4774-B59B-D682CC981F6A,Fabrication of re-usable materials based on mineral particulates,Engineering & Manufacturing,40.0
2AC82F98-085F-4774-B59B-D682CC981F6A,Fabrication of re-usable materials based on mineral particulates,Materials & Chemistry,60.0
2B0C0896-41E1-4651-BCE3-D07AA2970C00,Providing the 30% recycled content for food packing (PFP): An integrated stakeholder approach to solving 'hard to recycle' plastic packaging,Environmental & Earth Sciences,75.0
2B0C0896-41E1-4651-BCE3-D07AA2970C00,Providing the 30% recycled content for food packing (PFP): An integrated stakeholder approach to solving 'hard to recycle' plastic packaging,Materials & Chemistry,20.0
2BE46719-EE3C-44E9-A482-FC5B889DD6BA,Utilising lone single atoms as model catalysts,Materials & Chemistry,100.0
2C9D9BEE-3030-4F61-BE73-6220C5C20941,Deconstruction and Recovery Information Modelling (DRIM): A Tool for identifying and reclaiming valuable materials at end-of-life of Buildings,Engineering & Manufacturing,50.0
2C9D9BEE-3030-4F61-BE73-6220C5C20941,Deconstruction and Recovery Information Modelling (DRIM): A Tool for identifying and reclaiming valuable materials at end-of-life of Buildings,Materials & Chemistry,50.0
2C9DA768-BCD7-4EC4-B0C8-16CCCB3BBA83,"The science and analytical tools to design long life, low noise railway track systems",Engineering & Manufacturing,100.0
2D5E4136-7543-400F-8C5C-49B27919519E,Recyclable Catalyst Technology for Cross-Coupling Reactions at Manufacturing Scale,Materials & Chemistry,100.0
2DE27624-D01B-463B-B58F-348F19FC90D4,Smart Pulses for Subsurface Engineering,Engineering & Manufacturing,100.0
2F5C1FFE-466E-4CDA-B1C9-EE5CD055CA98,Approaches of enzyme-based biotechnology to achieve textiles recovery and reuse for circularity,Engineering & Manufacturing,41.17647058823529
2F5C1FFE-466E-4CDA-B1C9-EE5CD055CA98,Approaches of enzyme-based biotechnology to achieve textiles recovery and reuse for circularity,"Life, Agricultural & Health Sciences",35.294117647058826
2F5C1FFE-466E-4CDA-B1C9-EE5CD055CA98,Approaches of enzyme-based biotechnology to achieve textiles recovery and reuse for circularity,Materials & Chemistry,23.52941176470588
2F84A2D5-4691-4804-98CC-ADA8F97A3AB3,"JPI Urban Europe SUGI - Formulating sustainable urban FWE strategy by optimizing the synergies between food, water and energy systems","Social Sciences, Business & Economics",100.0
308C6BCB-BA46-444F-A0D0-D88F033471C2,MBase: The Molecular Basis of Advanced Nuclear Fuel Separations,Energy,100.0
31824B40-C2A2-4975-9B0C-2249B744CE19,Understanding and harnessing the hydrogen-dependent carbon dioxide reductase activity of E. coli.,Engineering & Manufacturing,60.0
31824B40-C2A2-4975-9B0C-2249B744CE19,Understanding and harnessing the hydrogen-dependent carbon dioxide reductase activity of E. coli.,Environmental & Earth Sciences,20.0
31824B40-C2A2-4975-9B0C-2249B744CE19,Understanding and harnessing the hydrogen-dependent carbon dioxide reductase activity of E. coli.,"Life, Agricultural & Health Sciences",20.0
33BBCFA9-B2B4-40E9-8A22-09FE162EE092,Materials to Land: Supporting better regulation and sustainable soil use decisions,"Life, Agricultural & Health Sciences",100.0
356F16DA-CA23-45C1-8030-F50341E99174,Formulating and Manufacturing Low Profile Integrated Batteries for Wireless Sensing Labels,Energy,40.0
356F16DA-CA23-45C1-8030-F50341E99174,Formulating and Manufacturing Low Profile Integrated Batteries for Wireless Sensing Labels,Engineering & Manufacturing,60.0
35F3C824-8496-4D86-8544-AB89BECCD0E5,Nutrient recovery from waste: Identifying the path to responsible innovation,Environmental & Earth Sciences,80.0
35F3C824-8496-4D86-8544-AB89BECCD0E5,Nutrient recovery from waste: Identifying the path to responsible innovation,"Life, Agricultural & Health Sciences",20.0
363DF5BD-8B8C-487C-8FCC-A4ED0BCB175B,Bid for new Electron-Beam Lithography Tool,Computer & Quantitative Sciences,65.0
363DF5BD-8B8C-487C-8FCC-A4ED0BCB175B,Bid for new Electron-Beam Lithography Tool,Materials & Chemistry,35.0
3694B2E0-4485-4399-BC53-D65DD5D8604A,Supramolecular Polyurethanes and their Composites: Properties and Engineering Performance,Engineering & Manufacturing,20.0
3694B2E0-4485-4399-BC53-D65DD5D8604A,Supramolecular Polyurethanes and their Composites: Properties and Engineering Performance,Materials & Chemistry,80.0
36A0ED4F-EFD3-4B96-945D-1E2410D89E00,Mem-Fast Membranes as Enablers for Future Biorefineries: from Fabrication to Advanced Separation Technologies,Engineering & Manufacturing,80.0
36A0ED4F-EFD3-4B96-945D-1E2410D89E00,Mem-Fast Membranes as Enablers for Future Biorefineries: from Fabrication to Advanced Separation Technologies,"Life, Agricultural & Health Sciences",20.0
36F98DFA-F688-49E3-ABCD-8885B5576C04,ExPliCit - Exploring Plausible Circular futures,Environmental & Earth Sciences,20.0
36F98DFA-F688-49E3-ABCD-8885B5576C04,ExPliCit - Exploring Plausible Circular futures,"Social Sciences, Business & Economics",80.0
3719931D-8979-462C-ACAB-D67CFF3A818D,Bioinspired textiles: an investigation into biomimetic principles and their application to sustainable textile design and making processes,Engineering & Manufacturing,50.0
3719931D-8979-462C-ACAB-D67CFF3A818D,Bioinspired textiles: an investigation into biomimetic principles and their application to sustainable textile design and making processes,"Life, Agricultural & Health Sciences",14.285714285714285
3719931D-8979-462C-ACAB-D67CFF3A818D,Bioinspired textiles: an investigation into biomimetic principles and their application to sustainable textile design and making processes,Materials & Chemistry,28.57142857142857
372DD6DF-A048-488C-A66E-FA0A30805745,"Reimagining Food Systems for Climate Change Adaptation, Mitigation, and Social Justice","Life, Agricultural & Health Sciences",25.0
372DD6DF-A048-488C-A66E-FA0A30805745,"Reimagining Food Systems for Climate Change Adaptation, Mitigation, and Social Justice","Social Sciences, Business & Economics",66.66666666666666
38837371-6E61-4CDC-92C4-3F64DCE5F2E8,TransEnergy - Road to Rail Energy Exchange (R2REE),Energy,100.0
397E1E86-B1B6-4501-9BAF-3516800F3EF3,Steel-concrete composite beams using precast hollow-core slabs and a demountable shear connection mechanism,Engineering & Manufacturing,100.0
3A47610D-5CAE-41BA-8503-EB0680215BF6,Dielectrophoretic roll system for high performance electronics using contactless selective assembly of nanostructures on large areas,Engineering & Manufacturing,100.0
3AE9C644-597E-4929-B1A1-08F5470FE04A,Tellurium and Selenium Cycling and Supply,Energy,15.0
3AE9C644-597E-4929-B1A1-08F5470FE04A,Tellurium and Selenium Cycling and Supply,Engineering & Manufacturing,15.0
3AE9C644-597E-4929-B1A1-08F5470FE04A,Tellurium and Selenium Cycling and Supply,Environmental & Earth Sciences,55.00000000000001
3AE9C644-597E-4929-B1A1-08F5470FE04A,Tellurium and Selenium Cycling and Supply,Materials & Chemistry,15.0
3AEE0C3A-9EDD-4C60-BB04-1DBEAF815042,CSTO2NE Biomimicry and carbon adsorbent eco-materials for a climate-neutral economy,Environmental & Earth Sciences,33.33333333333333
3AEE0C3A-9EDD-4C60-BB04-1DBEAF815042,CSTO2NE Biomimicry and carbon adsorbent eco-materials for a climate-neutral economy,"Life, Agricultural & Health Sciences",66.66666666666666
3B06C1B9-E36D-4122-9501-758138A6FABB,Accelerating Material Re-Use in Construction (AMRUC),Engineering & Manufacturing,100.0
3B4B1601-4B46-4D22-8CEE-7E2C9F116857,Substitution and Sustainability in Functional Materials and Devices,Computer & Quantitative Sciences,40.0
3B4B1601-4B46-4D22-8CEE-7E2C9F116857,Substitution and Sustainability in Functional Materials and Devices,Engineering & Manufacturing,40.0
3B4B1601-4B46-4D22-8CEE-7E2C9F116857,Substitution and Sustainability in Functional Materials and Devices,Materials & Chemistry,20.0
3BF57D96-61EB-4D5B-9532-CF1C5DCB16F7,Legacy wastes in the coastal zone: Environmental risks and management futures,Environmental & Earth Sciences,100.0
3C3298C3-BCF5-42BC-92EE-88BD52B7BCD0,Green Energy-Optimised Printed ICs,Engineering & Manufacturing,100.0
3C6B691C-90A8-4DB4-9C29-89592F79D329,"Biogeochemistry, Bioextraction and Biorecovery of Rare Earth Elements.",Engineering & Manufacturing,75.0
3C6B691C-90A8-4DB4-9C29-89592F79D329,"Biogeochemistry, Bioextraction and Biorecovery of Rare Earth Elements.","Life, Agricultural & Health Sciences",25.0
3CD6DCC9-395F-43A8-A58D-411DEFDD5BA2,Engineering Robust Cathodes for Sustainable Energy Storage,Energy,70.0
3CD6DCC9-395F-43A8-A58D-411DEFDD5BA2,Engineering Robust Cathodes for Sustainable Energy Storage,Materials & Chemistry,30.0
3E1558FB-3477-45B8-A1CA-D25195157BF3,From arc magmas to ores (FAMOS): A mineral systems approach,Engineering & Manufacturing,15.0
3E1558FB-3477-45B8-A1CA-D25195157BF3,From arc magmas to ores (FAMOS): A mineral systems approach,Environmental & Earth Sciences,85.0
3F6ACE9E-FE11-4868-B760-1A4060085CDC,A SelFrag facility to underpin UK geoscience,Engineering & Manufacturing,20.0
3F6ACE9E-FE11-4868-B760-1A4060085CDC,A SelFrag facility to underpin UK geoscience,Environmental & Earth Sciences,80.0
3F9AB09B-40EB-4BAA-8CF2-C6556816182B,The UK Catalysis Hub - 'Science': 2 Catalysis at the Water-Energy Nexus,Engineering & Manufacturing,55.00000000000001
3F9AB09B-40EB-4BAA-8CF2-C6556816182B,The UK Catalysis Hub - 'Science': 2 Catalysis at the Water-Energy Nexus,Materials & Chemistry,45.0
3FA98A04-89E1-4782-A64A-7119058CBE6D,"Social Dimensions of Plastics: Providing Innovate UK funding for a studentship in Plastics, Communications, Behaviours and Social Change",Environmental & Earth Sciences,20.0
3FA98A04-89E1-4782-A64A-7119058CBE6D,"Social Dimensions of Plastics: Providing Innovate UK funding for a studentship in Plastics, Communications, Behaviours and Social Change","Social Sciences, Business & Economics",80.0
3FBD772C-91C5-42D8-B4F0-7CFCF24707D4,Electrocatalytic Cross-Coupling Reactions with Heterogeneous Single Atom Catalysts,Materials & Chemistry,100.0
40797D60-D11A-4CFC-A0CD-9079B300097E,Design to Manufacture: Realising the creative and commercial potential of a unique aesthetic 'Eco-material',Engineering & Manufacturing,57.14285714285714
40797D60-D11A-4CFC-A0CD-9079B300097E,Design to Manufacture: Realising the creative and commercial potential of a unique aesthetic 'Eco-material',Materials & Chemistry,42.857142857142854
414DFBA7-CDCC-4FFC-984F-A68717526F81,Turning livelihoods to rubbish? Assessing the impacts of formalization and technologization of waste management on the urban poor,"Social Sciences, Business & Economics",100.0
4175613A-09DB-4786-BE90-A0C3738992C4,All in One: Feasibility Analysis of Supplying All Services Through One Utility Product,Engineering & Manufacturing,100.0
41F30875-E8C0-4386-AB63-7A594251D6D5,Technology critical metal recycling using ultrasonics and catalytic etchants,Engineering & Manufacturing,50.0
41F30875-E8C0-4386-AB63-7A594251D6D5,Technology critical metal recycling using ultrasonics and catalytic etchants,Materials & Chemistry,50.0
426FB72D-CBA1-466B-AFB0-A735048E18EF,Developing iron-rich cement clinker & understanding ferrite for the valorisation & upcycling of steel slags (FeRICH),Engineering & Manufacturing,85.0
426FB72D-CBA1-466B-AFB0-A735048E18EF,Developing iron-rich cement clinker & understanding ferrite for the valorisation & upcycling of steel slags (FeRICH),Materials & Chemistry,15.0
427F1B99-4782-45A0-9E89-FCCF940732A3,Engineering biology for critical metal recovery from industrial wastestreams,Computer & Quantitative Sciences,16.666666666666664
427F1B99-4782-45A0-9E89-FCCF940732A3,Engineering biology for critical metal recovery from industrial wastestreams,Engineering & Manufacturing,25.0
427F1B99-4782-45A0-9E89-FCCF940732A3,Engineering biology for critical metal recovery from industrial wastestreams,Environmental & Earth Sciences,41.66666666666667
427F1B99-4782-45A0-9E89-FCCF940732A3,Engineering biology for critical metal recovery from industrial wastestreams,Materials & Chemistry,16.666666666666664
42D732B7-4785-43CB-A2C6-AF7A1B08655F,Development of a hybrid technology for treating recalcitrant water contaminants- assessing e-beam potential.,Environmental & Earth Sciences,90.0
4320801A-15B7-4AB4-A662-9780EB7A3BAE,Proposal Title : NemeSys - Smart Multiphasic Nanoreactors Based On Tailored Foams for Direct H2O2 Synthesis,Materials & Chemistry,100.0
4335B37C-FD05-4AF0-BA07-A8B18E8DC5EE,QMUL EPSRC Core Equipment Bid,Computer & Quantitative Sciences,20.0
4335B37C-FD05-4AF0-BA07-A8B18E8DC5EE,QMUL EPSRC Core Equipment Bid,Engineering & Manufacturing,30.0
4335B37C-FD05-4AF0-BA07-A8B18E8DC5EE,QMUL EPSRC Core Equipment Bid,"Life, Agricultural & Health Sciences",10.0
4335B37C-FD05-4AF0-BA07-A8B18E8DC5EE,QMUL EPSRC Core Equipment Bid,Materials & Chemistry,40.0
439D6A89-9568-4E95-B961-0014D4A4CB35,New routes to driving enzyme-catalysed chemical synthesis using hydrogen gas,Engineering & Manufacturing,100.0
43A5320E-5BD3-4EEB-AAD8-6E5C726A8E7A,Multimetallic CO2 Reduction Catalysts as Artificial Cofactors,Materials & Chemistry,100.0
4514659A-2D47-4D10-A40E-746C4B2F19C8,iNdICATE- a Novel Instrument for CharacterisATion of PrEforms and Bottles for Injection Stretch Blow Moulding,Engineering & Manufacturing,100.0
457FE380-2B7D-46AA-A26E-40E90C92D720,Beyond Biorecovery: environmental win-win by biorefining of metallic wastes into new functional materials,Environmental & Earth Sciences,60.0
457FE380-2B7D-46AA-A26E-40E90C92D720,Beyond Biorecovery: environmental win-win by biorefining of metallic wastes into new functional materials,"Life, Agricultural & Health Sciences",20.0
457FE380-2B7D-46AA-A26E-40E90C92D720,Beyond Biorecovery: environmental win-win by biorefining of metallic wastes into new functional materials,Materials & Chemistry,12.0
4596CC55-FE06-425C-85DB-2B09B5A70923,Lifetime Extension of Reinforced Concrete Slab-on-Beam Structures,Engineering & Manufacturing,100.0
45A30A19-0011-4139-9B78-4638669254DB,Fluidity in simulated human-robot interaction with speech interfaces,"Arts, Humanities & Behavioural Sciences",17.0
45A30A19-0011-4139-9B78-4638669254DB,Fluidity in simulated human-robot interaction with speech interfaces,Computer & Quantitative Sciences,43.0
45A30A19-0011-4139-9B78-4638669254DB,Fluidity in simulated human-robot interaction with speech interfaces,Engineering & Manufacturing,40.0
45DC19CB-0A5E-43DF-8C04-5DF81C1EC350,The Future is Remanufacturing: Composites for Life,Engineering & Manufacturing,100.0
46543DDC-D5DF-4BC9-A0B7-EB3F00302BAE,Robotics and Artificial Intelligence for Nuclear (RAIN),Computer & Quantitative Sciences,60.0
46543DDC-D5DF-4BC9-A0B7-EB3F00302BAE,Robotics and Artificial Intelligence for Nuclear (RAIN),Engineering & Manufacturing,40.0
4767E1B6-0F10-42F9-855B-7BD4F647FE7D,Minimising energy in construction,Energy,100.0
47A5A011-21CC-4C98-9938-5F87C16C5923,Creating Prosperous City Centres Post-Pandemic Through Repurposing Retail Space,Engineering & Manufacturing,28.57142857142857
47A5A011-21CC-4C98-9938-5F87C16C5923,Creating Prosperous City Centres Post-Pandemic Through Repurposing Retail Space,Environmental & Earth Sciences,21.428571428571427
47A5A011-21CC-4C98-9938-5F87C16C5923,Creating Prosperous City Centres Post-Pandemic Through Repurposing Retail Space,"Social Sciences, Business & Economics",50.0
482CE0FD-35EB-4401-BCAA-6243C7DC1B09,Tellurium and Selenium Cycling and Supply,Energy,15.0
482CE0FD-35EB-4401-BCAA-6243C7DC1B09,Tellurium and Selenium Cycling and Supply,Engineering & Manufacturing,15.0
482CE0FD-35EB-4401-BCAA-6243C7DC1B09,Tellurium and Selenium Cycling and Supply,Environmental & Earth Sciences,55.00000000000001
482CE0FD-35EB-4401-BCAA-6243C7DC1B09,Tellurium and Selenium Cycling and Supply,Materials & Chemistry,15.0
4909BA7C-F175-44E7-8A85-CEE85E2E588E,UKRI Interdisciplinary Circular Economy Centre for Textiles: Circular Bioeconomy for Textile Materials,"Arts, Humanities & Behavioural Sciences",10.0
4909BA7C-F175-44E7-8A85-CEE85E2E588E,UKRI Interdisciplinary Circular Economy Centre for Textiles: Circular Bioeconomy for Textile Materials,Engineering & Manufacturing,90.0
4A74F482-A5E6-4AE8-B53A-28EEBC614B56,Biohybrids for Solar Chemicals and Fuels: Whole-cell Photocatalysis by Non-photosynthetic Organisms.,Engineering & Manufacturing,20.0
4A74F482-A5E6-4AE8-B53A-28EEBC614B56,Biohybrids for Solar Chemicals and Fuels: Whole-cell Photocatalysis by Non-photosynthetic Organisms.,"Life, Agricultural & Health Sciences",80.0
4A9A09CE-D0E3-4C9A-B8EF-87753DDF8510,Novel Membrane Catalytic Reactor for Waste Polylactic Acid Recycling and Valorisation,Engineering & Manufacturing,70.0
4A9A09CE-D0E3-4C9A-B8EF-87753DDF8510,Novel Membrane Catalytic Reactor for Waste Polylactic Acid Recycling and Valorisation,Materials & Chemistry,30.0
4AC39725-44FF-4913-B142-022937E345D0,Resource Recovery and Remediation of Alkaline Wastes,Environmental & Earth Sciences,65.0
4AC39725-44FF-4913-B142-022937E345D0,Resource Recovery and Remediation of Alkaline Wastes,"Life, Agricultural & Health Sciences",20.0
4AC39725-44FF-4913-B142-022937E345D0,Resource Recovery and Remediation of Alkaline Wastes,"Social Sciences, Business & Economics",15.0
4ACEF071-E0F3-4C13-9C0D-EECA29334423,Transformational blueprint for a blue economy on UK terrestrial farms: integrating sustainable shrimp production in a changing agricultural landscape,Energy,17.647058823529413
4ACEF071-E0F3-4C13-9C0D-EECA29334423,Transformational blueprint for a blue economy on UK terrestrial farms: integrating sustainable shrimp production in a changing agricultural landscape,"Life, Agricultural & Health Sciences",64.70588235294117
4ACEF071-E0F3-4C13-9C0D-EECA29334423,Transformational blueprint for a blue economy on UK terrestrial farms: integrating sustainable shrimp production in a changing agricultural landscape,"Social Sciences, Business & Economics",17.647058823529413
4B2FBC57-E44E-4CBE-9D1E-9F2A0775F86A,Risks and Solutions: Marine Plastics in Southeast Asia - RaSP-SEA,Environmental & Earth Sciences,60.0
4B2FBC57-E44E-4CBE-9D1E-9F2A0775F86A,Risks and Solutions: Marine Plastics in Southeast Asia - RaSP-SEA,"Life, Agricultural & Health Sciences",40.0
4BC101E4-B27C-4F47-8E5C-A72E2BD406A1,New Industrial Systems: Manufacturing Immortality,Engineering & Manufacturing,100.0
4C063145-CE23-41D8-9B0B-2E8B7D54A26A,Realising Advanced Sensor Technology for Enhanced Recovery of Metal Scrap (RASTER),Engineering & Manufacturing,100.0
4C552BE7-B00D-4CCB-B538-81F94A23B21C,Improving the sustainability of phosphorus use in arable farming,Computer & Quantitative Sciences,74.24242424242425
4C552BE7-B00D-4CCB-B538-81F94A23B21C,Improving the sustainability of phosphorus use in arable farming,"Life, Agricultural & Health Sciences",25.757575757575758
4CFCB36E-01CD-4CF0-AE2B-949B6AA7C831,Legacy Wastes in the Coastal Zone: Environmental Risks and Management Futures,Environmental & Earth Sciences,100.0
4D0C9A9C-4BB8-45FD-9415-FCE5E0FA5409,Closed loop manufacture of bio-based polyester fibres for a circular bioeconomy,Engineering & Manufacturing,40.0
4D0C9A9C-4BB8-45FD-9415-FCE5E0FA5409,Closed loop manufacture of bio-based polyester fibres for a circular bioeconomy,"Life, Agricultural & Health Sciences",60.0
4DBD90A3-EC0C-4404-BF16-2C1A8677F68A,Integrated biological approaches for high-grade biomethane vehicle fuel production from food waste,Engineering & Manufacturing,66.66666666666666
4DBD90A3-EC0C-4404-BF16-2C1A8677F68A,Integrated biological approaches for high-grade biomethane vehicle fuel production from food waste,"Social Sciences, Business & Economics",33.33333333333333
4FC8A3DA-9E45-4FD7-9864-BE0443AB6392,Diverseafood: Evaluating the potential of multi-trophic aquaculture to improve nutrition and ecosystem sustainability in the UK,"Life, Agricultural & Health Sciences",77.77777777777779
4FC8A3DA-9E45-4FD7-9864-BE0443AB6392,Diverseafood: Evaluating the potential of multi-trophic aquaculture to improve nutrition and ecosystem sustainability in the UK,"Social Sciences, Business & Economics",22.22222222222222
511647CB-1406-49F7-96D7-3D4B3ECF12D4,A Scalable Process for the Chemical Recycling of PET using Ionic Organocatalysts,Engineering & Manufacturing,50.0
511647CB-1406-49F7-96D7-3D4B3ECF12D4,A Scalable Process for the Chemical Recycling of PET using Ionic Organocatalysts,Materials & Chemistry,50.0
51B6F14F-BFB7-4B86-8808-5E5354DFC020,"NEWTON SEA: Valorisation of agricultural wastes in the Thai rural economy for bioenergy production, nutrient recycling and water pollution control",Energy,16.666666666666664
51B6F14F-BFB7-4B86-8808-5E5354DFC020,"NEWTON SEA: Valorisation of agricultural wastes in the Thai rural economy for bioenergy production, nutrient recycling and water pollution control",Environmental & Earth Sciences,66.66666666666666
51B6F14F-BFB7-4B86-8808-5E5354DFC020,"NEWTON SEA: Valorisation of agricultural wastes in the Thai rural economy for bioenergy production, nutrient recycling and water pollution control","Life, Agricultural & Health Sciences",16.666666666666664
5387259D-8C63-49A9-B7E6-27E4BAAD3ED1,PETAL: Developing a plant-based platinum group metal recovery system,Computer & Quantitative Sciences,25.0
5387259D-8C63-49A9-B7E6-27E4BAAD3ED1,PETAL: Developing a plant-based platinum group metal recovery system,Environmental & Earth Sciences,25.0
5387259D-8C63-49A9-B7E6-27E4BAAD3ED1,PETAL: Developing a plant-based platinum group metal recovery system,"Life, Agricultural & Health Sciences",25.0
5387259D-8C63-49A9-B7E6-27E4BAAD3ED1,PETAL: Developing a plant-based platinum group metal recovery system,Materials & Chemistry,25.0
54B7CA44-9DCF-4ABB-9F8F-59757D0526AD,"BEFWAM-BIOENERGY, FERTILISER AND CLEAN WATER FROM INVASIVE AQUATIC MACROPHYTES",Energy,66.66666666666666
54B7CA44-9DCF-4ABB-9F8F-59757D0526AD,"BEFWAM-BIOENERGY, FERTILISER AND CLEAN WATER FROM INVASIVE AQUATIC MACROPHYTES","Life, Agricultural & Health Sciences",33.33333333333333
573F6C8F-D6E9-4C1B-A32E-F5B9D0490310,Pre-commercial technology validation of a clean cold renewable syngas production plant.,Energy,80.0
573F6C8F-D6E9-4C1B-A32E-F5B9D0490310,Pre-commercial technology validation of a clean cold renewable syngas production plant.,Environmental & Earth Sciences,20.0
5770E1E7-3174-41A0-9823-136059E0A5FD,Future Liquid Metal Engineering Hub,Engineering & Manufacturing,55.00000000000001
5770E1E7-3174-41A0-9823-136059E0A5FD,Future Liquid Metal Engineering Hub,Materials & Chemistry,45.0
57EC0689-D307-4DED-8381-DC4150D9ADB4,Energy Resilient Manufacturing 2: Small is Beautiful Phase 2 (SIB2),Energy,33.33333333333333
57EC0689-D307-4DED-8381-DC4150D9ADB4,Energy Resilient Manufacturing 2: Small is Beautiful Phase 2 (SIB2),Engineering & Manufacturing,66.66666666666666
5810088B-2DC9-4E08-8072-58B49EC37327,Sus_NET: Sustainable Making for Feminist Action,"Arts, Humanities & Behavioural Sciences",20.0
5810088B-2DC9-4E08-8072-58B49EC37327,Sus_NET: Sustainable Making for Feminist Action,Energy,20.0
5810088B-2DC9-4E08-8072-58B49EC37327,Sus_NET: Sustainable Making for Feminist Action,"Social Sciences, Business & Economics",60.0
58FBC2F9-97F0-4EE0-B1B1-57A1E5C8A063,Legacy wastes in the coastal zone: Environmental risks and management futures,Environmental & Earth Sciences,100.0
59063319-04FB-44CD-9DAA-B04AFE08CA78,Carbon-neutral pathways of recycling marine plastic waste,Environmental & Earth Sciences,100.0
592193B7-3AD9-449F-B49F-7E77213752F4,"Canada_IPAP: Impact of alternative nutrition management on AMR burden, transmission and trends in dairy cattle.","Life, Agricultural & Health Sciences",100.0
59427683-3503-41DE-9002-569E9F17B5EA,Circular4.0: Data Driven Intelligence for a Circular Economy,Engineering & Manufacturing,100.0
59B753C2-7A7E-465B-8224-D70AB314EDC4,UHP.RTYF.Geo-Crete: Eco-Innovation: Development of Sustainable and Affordable Ultra High Performance Geopolymer Concrete for Industrial Floor Applicat,Engineering & Manufacturing,100.0
5B7A0620-610B-42F1-9916-5F2F5F2AE61D,Engineering Microbial Metal Recovery (EMMR),Engineering & Manufacturing,33.33333333333333
5B7A0620-610B-42F1-9916-5F2F5F2AE61D,Engineering Microbial Metal Recovery (EMMR),Environmental & Earth Sciences,58.333333333333336
5BA6693A-7B61-46F3-AB0B-A4E0184E72DE,(H)olistic (A)pproach to the Design of Efficient Heat (R)ecovery Systems for Electrical (P)ower (P)roduction (HARP^2),Engineering & Manufacturing,100.0
5C28454B-EA03-497A-A1CB-E758BFAAAA57,Future Island-Island,Engineering & Manufacturing,100.0
5C62C76F-EEA9-417B-B92E-A73F8CFA2970,Smart Sustainable Plastic Packaging from Plants (S2UPPlant),Engineering & Manufacturing,40.0
5C62C76F-EEA9-417B-B92E-A73F8CFA2970,Smart Sustainable Plastic Packaging from Plants (S2UPPlant),Environmental & Earth Sciences,20.0
5C62C76F-EEA9-417B-B92E-A73F8CFA2970,Smart Sustainable Plastic Packaging from Plants (S2UPPlant),"Life, Agricultural & Health Sciences",40.0
5E68A3D0-FD48-439F-9D3E-A865A0D8EE95,Tackling barriers to using human waste derived fertilisers in supporting sustainable food production in the UK,Environmental & Earth Sciences,10.0
5E68A3D0-FD48-439F-9D3E-A865A0D8EE95,Tackling barriers to using human waste derived fertilisers in supporting sustainable food production in the UK,"Life, Agricultural & Health Sciences",70.0
5E68A3D0-FD48-439F-9D3E-A865A0D8EE95,Tackling barriers to using human waste derived fertilisers in supporting sustainable food production in the UK,"Social Sciences, Business & Economics",20.0
6051EDFA-49EE-47B0-AB1C-D2779E2A7CF8,From arc magmas to ores (FAMOS): A mineral systems approach,Engineering & Manufacturing,15.0
6051EDFA-49EE-47B0-AB1C-D2779E2A7CF8,From arc magmas to ores (FAMOS): A mineral systems approach,Environmental & Earth Sciences,85.0
60BF8616-8E18-46FB-B7FC-D4C166E12D33,Novel Microbial Pd Catalysts from Waste for Sustainable Synthesis,Materials & Chemistry,100.0
61225553-958C-4251-9A2E-5986AC1FBD13,"Resilient remanufacturing networks: forecasting, informatics and holons",Computer & Quantitative Sciences,30.0
61225553-958C-4251-9A2E-5986AC1FBD13,"Resilient remanufacturing networks: forecasting, informatics and holons",Engineering & Manufacturing,70.0
62222467-7183-4B8F-8BE5-5ABF3DAC13C3,Implementing innovative technology to tackle barriers in utilising human waste derived fertilisers in Sub Saharan African agriculture,Environmental & Earth Sciences,50.0
62222467-7183-4B8F-8BE5-5ABF3DAC13C3,Implementing innovative technology to tackle barriers in utilising human waste derived fertilisers in Sub Saharan African agriculture,"Life, Agricultural & Health Sciences",50.0
62906444-66B3-4A6C-BADA-6F58A2974E07,Step change material efficiency for steel and aluminium.,Energy,80.0
62906444-66B3-4A6C-BADA-6F58A2974E07,Step change material efficiency for steel and aluminium.,Materials & Chemistry,20.0
62DD2D0E-2B3A-4B8D-A4B1-5A8F8DD19815,Biomass Biorefinery Network (BBNet),Engineering & Manufacturing,66.66666666666666
62DD2D0E-2B3A-4B8D-A4B1-5A8F8DD19815,Biomass Biorefinery Network (BBNet),"Life, Agricultural & Health Sciences",33.33333333333333
6326FF9C-AB42-4541-9709-7E6AC630308F,Biomanufacturing with carbon capture and utilisation: A Zero Carbon Loss System,Engineering & Manufacturing,100.0
634059CC-54B8-4702-8FA3-F94E725C9632,Poly(ML): Machine Learning for Improved Sustainable Polymers,Engineering & Manufacturing,75.0
634059CC-54B8-4702-8FA3-F94E725C9632,Poly(ML): Machine Learning for Improved Sustainable Polymers,Materials & Chemistry,25.0
6371F88B-82A0-4069-9D10-F030A1DE985E,"Ecological Citizens: Tools, technologies and means to enable sustainable digital citizens",Computer & Quantitative Sciences,100.0
63C1F9A6-E372-4EA1-88C4-D2376576A4FB,Halophilic enzymes in tandem flow reactions,Engineering & Manufacturing,25.0
63C1F9A6-E372-4EA1-88C4-D2376576A4FB,Halophilic enzymes in tandem flow reactions,"Life, Agricultural & Health Sciences",75.0
6475AD69-317F-4854-8502-624113AB6CED,Biologically Upcycling Metals,Engineering & Manufacturing,70.0
6475AD69-317F-4854-8502-624113AB6CED,Biologically Upcycling Metals,Materials & Chemistry,30.0
6485D26F-583D-4CA8-9ED1-635E87F49587,"Carbon/biocomposite hybrid vehicle structures for reduced weight, cost and environmental impact (CARBIO)",Energy,20.0
6485D26F-583D-4CA8-9ED1-635E87F49587,"Carbon/biocomposite hybrid vehicle structures for reduced weight, cost and environmental impact (CARBIO)",Engineering & Manufacturing,80.0
65C4A3E7-3004-4C82-90C4-1B952546BC7C,Enhancing the Methane Generation from Food Waste Anaerobic Digestion Mediated by Fluidic Oscillator Generated Microbubbles,Energy,100.0
65EFBA04-AA77-4039-B596-4168E581A530,International - Untangling the origin and movement of ghost nets in the Indian Ocean to aid management and mitigation,Computer & Quantitative Sciences,10.0
65EFBA04-AA77-4039-B596-4168E581A530,International - Untangling the origin and movement of ghost nets in the Indian Ocean to aid management and mitigation,Environmental & Earth Sciences,60.0
65EFBA04-AA77-4039-B596-4168E581A530,International - Untangling the origin and movement of ghost nets in the Indian Ocean to aid management and mitigation,"Life, Agricultural & Health Sciences",10.0
65EFBA04-AA77-4039-B596-4168E581A530,International - Untangling the origin and movement of ghost nets in the Indian Ocean to aid management and mitigation,"Social Sciences, Business & Economics",20.0
666054A6-A391-425C-8E8D-92DEBBDC7439,ACceleration of Circular Economy for Printable Photovoltaics Through Eco-Design (ACCEPTED),Energy,50.0
666054A6-A391-425C-8E8D-92DEBBDC7439,ACceleration of Circular Economy for Printable Photovoltaics Through Eco-Design (ACCEPTED),Engineering & Manufacturing,50.0
66B58A41-A8B6-46D7-B699-941F72841499,Fabrication of re-usable materials based on mineral particulates,Engineering & Manufacturing,40.0
66B58A41-A8B6-46D7-B699-941F72841499,Fabrication of re-usable materials based on mineral particulates,Materials & Chemistry,60.0
66FEB010-0380-4564-9F7C-269E73DE6180,Unfiltered Coast,"Arts, Humanities & Behavioural Sciences",40.0
66FEB010-0380-4564-9F7C-269E73DE6180,Unfiltered Coast,Environmental & Earth Sciences,20.0
66FEB010-0380-4564-9F7C-269E73DE6180,Unfiltered Coast,"Social Sciences, Business & Economics",40.0
67599B6F-2F3F-49A7-BE0B-5E57C80D3242,"Re4Rail: AI and digital twin-based automated technology to real-time repair, reuse, recycle and repurpose railway granular media",Engineering & Manufacturing,100.0
687A6C03-3397-49A4-874C-17517CD136D2,From Industry 3.0 to Industry 4.0: Additive Manufacturability,Engineering & Manufacturing,40.0
687A6C03-3397-49A4-874C-17517CD136D2,From Industry 3.0 to Industry 4.0: Additive Manufacturability,Materials & Chemistry,60.0
688F20A8-1930-4487-972C-1641F7BD2998,Plastic Packaging in Peoples' Lives (PPiPL): Bridging the consumer attitude-behaviour gap,"Social Sciences, Business & Economics",100.0
695E2F31-52FA-4918-AF8E-07FCD3A5C31A,19-ERACoBioTech- 33 SyCoLim,Engineering & Manufacturing,100.0
69BEE20B-97FA-40B0-8DD9-4D10D4EAF872,Arup Global Research Challenge - The Opportunities of a City-wide Circular Economy,Environmental & Earth Sciences,85.0
69BEE20B-97FA-40B0-8DD9-4D10D4EAF872,Arup Global Research Challenge - The Opportunities of a City-wide Circular Economy,"Social Sciences, Business & Economics",15.0
69EA94EB-C5BF-433D-B386-028B7DA16B48,Application of microwaves on the production of liquid biofuels,Energy,100.0
6AB9D14F-0B75-47C8-A216-7A9FDAE265E1,Sustainable excretable biofuels process design and optimisation,Energy,50.0
6AB9D14F-0B75-47C8-A216-7A9FDAE265E1,Sustainable excretable biofuels process design and optimisation,Engineering & Manufacturing,50.0
6B7C7F41-5598-4AED-A2EA-EC2350C914C2,A systems approach to synergistic utilisation of secondary organic streams,Engineering & Manufacturing,35.0
6B7C7F41-5598-4AED-A2EA-EC2350C914C2,A systems approach to synergistic utilisation of secondary organic streams,Environmental & Earth Sciences,65.0
6BACC481-04C6-4F47-A04E-0173D759C2CC,Tellurium and Selenium Cycling and Supply,Energy,15.0
6BACC481-04C6-4F47-A04E-0173D759C2CC,Tellurium and Selenium Cycling and Supply,Engineering & Manufacturing,15.0
6BACC481-04C6-4F47-A04E-0173D759C2CC,Tellurium and Selenium Cycling and Supply,Environmental & Earth Sciences,55.00000000000001
6BACC481-04C6-4F47-A04E-0173D759C2CC,Tellurium and Selenium Cycling and Supply,Materials & Chemistry,15.0
6C887593-1033-4ACE-8F6C-5E940A64F092,Modelling supply chain optimisation in the food and beverages industry: Helping SMEs in South West England work towards the circular economy,Engineering & Manufacturing,100.0
6C88BFC2-431E-45B9-9E2A-76988E969E9A,CSTO2NE Biomimicry and carbon absorbent eco-materials for climate neutral economy.,Engineering & Manufacturing,25.0
6C88BFC2-431E-45B9-9E2A-76988E969E9A,CSTO2NE Biomimicry and carbon absorbent eco-materials for climate neutral economy.,Environmental & Earth Sciences,75.0
6CB343AD-DCCE-4E72-A66C-6C3E40F72844,Brunel University - Equipment Account,Materials & Chemistry,100.0
6CB49060-6B1F-4312-B77D-C88F5C15F763,i-CREW-International Collaboration for Optimisation of Resource Recovery from Wastewater,Computer & Quantitative Sciences,15.0
6CB49060-6B1F-4312-B77D-C88F5C15F763,i-CREW-International Collaboration for Optimisation of Resource Recovery from Wastewater,Environmental & Earth Sciences,85.0
6F812780-51DB-4A2D-8B9A-2E9A4FCA48A1,Plant Biomass Biorefinery Network (PBBNet),Engineering & Manufacturing,100.0
6FAF9A43-2B4B-41E0-A708-7BFBECAEFB70,Legacy wastes in the coastal zone: Environmental risks and management futures,Environmental & Earth Sciences,100.0
70636042-00F3-42ED-BA56-60673E7789C8,SPEED: Super high Power And Energy Electrode Designs For Metal-ion Batteries,Energy,100.0
7064E12C-42ED-4EAA-B528-FF44E58B4417,Designing alloys for resource efficiency (DARE)- a manufacturing approach,Engineering & Manufacturing,25.0
7064E12C-42ED-4EAA-B528-FF44E58B4417,Designing alloys for resource efficiency (DARE)- a manufacturing approach,Environmental & Earth Sciences,25.0
7064E12C-42ED-4EAA-B528-FF44E58B4417,Designing alloys for resource efficiency (DARE)- a manufacturing approach,Materials & Chemistry,50.0
7162C03E-B1A6-4177-AFEB-DAC1BB6888A3,Shelf-Life: Re-imagining the future of Carnegie Public Libraries,"Arts, Humanities & Behavioural Sciences",20.0
7162C03E-B1A6-4177-AFEB-DAC1BB6888A3,Shelf-Life: Re-imagining the future of Carnegie Public Libraries,Computer & Quantitative Sciences,40.0
7162C03E-B1A6-4177-AFEB-DAC1BB6888A3,Shelf-Life: Re-imagining the future of Carnegie Public Libraries,Engineering & Manufacturing,20.0
7162C03E-B1A6-4177-AFEB-DAC1BB6888A3,Shelf-Life: Re-imagining the future of Carnegie Public Libraries,"Social Sciences, Business & Economics",20.0
71CA89CD-F20E-418B-A39B-963D3E26FA42,Understanding Bio-induced Selectivity in Nanoparticle Catalyst Manufacture,Engineering & Manufacturing,30.0
71CA89CD-F20E-418B-A39B-963D3E26FA42,Understanding Bio-induced Selectivity in Nanoparticle Catalyst Manufacture,Materials & Chemistry,70.0
723C7478-515E-4E35-8E81-4E08AED1FF41,Sustainable Plastic Attitudes to benefit Communities and their Environments (SPACES),Environmental & Earth Sciences,45.0
723C7478-515E-4E35-8E81-4E08AED1FF41,Sustainable Plastic Attitudes to benefit Communities and their Environments (SPACES),"Social Sciences, Business & Economics",55.00000000000001
726A68D7-2950-49F2-A75B-CAA5C436FC99,Sir Henry Royce Institute -Sheffield Equipment,Materials & Chemistry,100.0
733415F9-62A4-4497-8476-0F0FD05AC459,Novel Rechargeable Hybrid Redox Flow Battery Based on Particle-Stabilised Emulsions and H2 carriers,Materials & Chemistry,100.0
733DDBFC-A556-4427-B4C7-F9789033B50B,PolyNewrethanes. CO2 Valorisation for N-Functionalised Polyurethanes: Design and Synthesis of Catalyst Systems for Novel Sustainable Polymers,Materials & Chemistry,100.0
747B2D1E-68A3-4926-B99F-649EFBBDB1EE,PHYTO4METAL: Development of an integrated phytomining system for the recovery of metal nanoparticles from mine waste,Engineering & Manufacturing,40.0
747B2D1E-68A3-4926-B99F-649EFBBDB1EE,PHYTO4METAL: Development of an integrated phytomining system for the recovery of metal nanoparticles from mine waste,"Life, Agricultural & Health Sciences",60.0
74C29B9D-300E-44A5-8AA2-8B9244B996C1,Perpetual Plastic for Food to Go (PPFTG),Computer & Quantitative Sciences,20.0
74C29B9D-300E-44A5-8AA2-8B9244B996C1,Perpetual Plastic for Food to Go (PPFTG),Engineering & Manufacturing,40.0
74C29B9D-300E-44A5-8AA2-8B9244B996C1,Perpetual Plastic for Food to Go (PPFTG),Environmental & Earth Sciences,20.0
74C29B9D-300E-44A5-8AA2-8B9244B996C1,Perpetual Plastic for Food to Go (PPFTG),"Social Sciences, Business & Economics",20.0
753AB082-1136-4173-970A-19F1E1437D3C,Carboglass: Transformative Engineering Materials for Reduced Energy and Waste Consumption in Advanced Manufacturing Processes,Materials & Chemistry,100.0
757057FA-71FA-4699-871F-0C0C930B2403,EPSRC Centre for Innovative Manufacturing in Food,Engineering & Manufacturing,30.0
757057FA-71FA-4699-871F-0C0C930B2403,EPSRC Centre for Innovative Manufacturing in Food,"Life, Agricultural & Health Sciences",70.0
75BFB378-E8B2-4587-BDE1-688E06DD60F5,Tuning extracellular cytochromes for enhanced metal recovery and nanoparticle formation,"Life, Agricultural & Health Sciences",100.0
7745C0F3-244A-4A9D-99F6-23947C51A542,Asymmetric Catalysis Using Novel Iron Complexes.,Materials & Chemistry,100.0
775D43FD-6A8B-4F52-BB76-8AB77FE204EA,Minimising energy in construction,Energy,100.0
77834982-3AEE-4594-B79C-B1F8BB4F9BF9,In situ recovery of resources from waste repositories,Engineering & Manufacturing,40.0
77834982-3AEE-4594-B79C-B1F8BB4F9BF9,In situ recovery of resources from waste repositories,Environmental & Earth Sciences,60.0
7796B0DB-0134-4FD6-856A-7DFDC41BE7F3,Design the Future 2: Enabling Design Re-use through Predictive CAD,Engineering & Manufacturing,100.0
77D8681F-2F57-4E86-AFD0-F15FEF67F6E2,Enzymatic upcycling of textile waste into biodegradable mycelium leather,Engineering & Manufacturing,42.857142857142854
77D8681F-2F57-4E86-AFD0-F15FEF67F6E2,Enzymatic upcycling of textile waste into biodegradable mycelium leather,"Life, Agricultural & Health Sciences",14.285714285714285
77D8681F-2F57-4E86-AFD0-F15FEF67F6E2,Enzymatic upcycling of textile waste into biodegradable mycelium leather,Materials & Chemistry,42.857142857142854
78E79A14-430D-4A4E-BDC0-9359EB3271FA,STREAM 2: The SWITCH to Net Zero Buildings,Engineering & Manufacturing,100.0
78F0D738-AB8D-44E1-99B5-CAAB4A727CCF,MIX-MOXes - Mixed Metal Oxides Energy Stations for zero-carbon thermal energy generation with integrated heat storage,Energy,100.0
79004C83-665E-458C-A67F-3FF574CB10A8,Self-Driven Manufacturing of Low-Dimensional Materials,Engineering & Manufacturing,10.0
79004C83-665E-458C-A67F-3FF574CB10A8,Self-Driven Manufacturing of Low-Dimensional Materials,Materials & Chemistry,90.0
7912D045-A09A-470E-A43B-7D9FF05576AC,Novel adsorbents applied to integrated energy-efficient industrial CO2 capture,Energy,100.0
793D4C07-2FA4-4740-9BEB-726CF6B8E53A,Robotic skill transfer and augmentation for contact-rich tasks in manufacturing (STAMAN),Engineering & Manufacturing,100.0
79DE437D-7655-45EA-BB97-0866B8A7EA1B,Risks and Responses to Urban Futures: integrating peri-urban/urban synergies into urban development planning for enhanced ecosystem service benefits.,Environmental & Earth Sciences,20.0
79DE437D-7655-45EA-BB97-0866B8A7EA1B,Risks and Responses to Urban Futures: integrating peri-urban/urban synergies into urban development planning for enhanced ecosystem service benefits.,"Life, Agricultural & Health Sciences",20.0
79DE437D-7655-45EA-BB97-0866B8A7EA1B,Risks and Responses to Urban Futures: integrating peri-urban/urban synergies into urban development planning for enhanced ecosystem service benefits.,"Social Sciences, Business & Economics",60.0
7ACEED8A-47AE-48D2-85C6-0823F48CD415,Structural and Fire Resistance of a Reusable Steel/Concrete Composite Floor System,Engineering & Manufacturing,100.0
7B8E467B-0B57-4987-9F9D-7B5EA78ED266,Microbially mediated functionalised magnetic nanoparticles from acid mine drainage,Engineering & Manufacturing,20.0
7B8E467B-0B57-4987-9F9D-7B5EA78ED266,Microbially mediated functionalised magnetic nanoparticles from acid mine drainage,Environmental & Earth Sciences,40.0
7B8E467B-0B57-4987-9F9D-7B5EA78ED266,Microbially mediated functionalised magnetic nanoparticles from acid mine drainage,"Life, Agricultural & Health Sciences",40.0
7C852C6E-4856-49A2-8868-71CE41608621,Regenerated Composite Value Reinforcement (ReCoVeR),Materials & Chemistry,100.0
7D0ACCD9-1E67-4413-B57C-6E54461E6AC1,BOiliNg flows in SmAll and mIcrochannels (BONSAI): From Fundamentals to Design,Computer & Quantitative Sciences,20.0
7D0ACCD9-1E67-4413-B57C-6E54461E6AC1,BOiliNg flows in SmAll and mIcrochannels (BONSAI): From Fundamentals to Design,Engineering & Manufacturing,80.0
7DC89EC0-076B-48A3-A50E-E243FAA05ED3,Detoxification and Multi-Resource Recovery from Landfill Leachate,Engineering & Manufacturing,50.0
7DC89EC0-076B-48A3-A50E-E243FAA05ED3,Detoxification and Multi-Resource Recovery from Landfill Leachate,"Life, Agricultural & Health Sciences",50.0
7EA974F5-670F-4ECB-83EA-E1C4BD0DB5A2,Beyond biorecovery: environmental win-win by biorefining of metallic wastes into new functional materials (B3),Engineering & Manufacturing,10.0
7EA974F5-670F-4ECB-83EA-E1C4BD0DB5A2,Beyond biorecovery: environmental win-win by biorefining of metallic wastes into new functional materials (B3),Environmental & Earth Sciences,65.0
7EA974F5-670F-4ECB-83EA-E1C4BD0DB5A2,Beyond biorecovery: environmental win-win by biorefining of metallic wastes into new functional materials (B3),"Life, Agricultural & Health Sciences",15.0
7EA974F5-670F-4ECB-83EA-E1C4BD0DB5A2,Beyond biorecovery: environmental win-win by biorefining of metallic wastes into new functional materials (B3),Materials & Chemistry,10.0
80A73254-0504-426B-BB8C-7EC5500D067F,Integrated bioreactor platform for rapid scale-up and translation,Engineering & Manufacturing,100.0
813F8108-A935-4024-8AAA-F0A7C8640AE0,EPSRC Centre for Innovative Manufacturing in Liquid Metal Engineering,Engineering & Manufacturing,65.0
813F8108-A935-4024-8AAA-F0A7C8640AE0,EPSRC Centre for Innovative Manufacturing in Liquid Metal Engineering,Materials & Chemistry,35.0
818F3C70-0D42-456C-9873-0A0AFB6EADB9,C-NEWTRAL: smart CompreheNsive training to mainstrEam neW approaches for climaTe-neutRal cities through citizen engAgement and decision-making support,Environmental & Earth Sciences,66.66666666666666
818F3C70-0D42-456C-9873-0A0AFB6EADB9,C-NEWTRAL: smart CompreheNsive training to mainstrEam neW approaches for climaTe-neutRal cities through citizen engAgement and decision-making support,"Social Sciences, Business & Economics",33.33333333333333
819B1FA3-7094-43E5-AB4D-F95A90FF02FE,CLEVER - Closed Loop Emotionally Valuable E-waste Recovery,Environmental & Earth Sciences,50.0
819B1FA3-7094-43E5-AB4D-F95A90FF02FE,CLEVER - Closed Loop Emotionally Valuable E-waste Recovery,Materials & Chemistry,50.0
81C03471-5DE4-40E1-8747-7C14D5815EB8,Beyond net zero goals: Regenerative fashion design for micro-circular rural ecosystems,Engineering & Manufacturing,100.0
82E00289-8677-4821-AC48-11C6A4F1B699,BioElectrochemical LIthium rEcoVEry (BELIEVE),Energy,13.333333333333334
82E00289-8677-4821-AC48-11C6A4F1B699,BioElectrochemical LIthium rEcoVEry (BELIEVE),Engineering & Manufacturing,46.666666666666664
82E00289-8677-4821-AC48-11C6A4F1B699,BioElectrochemical LIthium rEcoVEry (BELIEVE),Environmental & Earth Sciences,26.666666666666668
82E00289-8677-4821-AC48-11C6A4F1B699,BioElectrochemical LIthium rEcoVEry (BELIEVE),"Life, Agricultural & Health Sciences",13.333333333333334
82FEA8E7-AA3F-4E13-A5D8-2AE36FA69158,"CARBON RECYCLING: CONVERTING WASTE DERIVED GHG INTO CHEMICALS, FUELS AND ANIMAL FEED (CCnet).",Energy,12.5
82FEA8E7-AA3F-4E13-A5D8-2AE36FA69158,"CARBON RECYCLING: CONVERTING WASTE DERIVED GHG INTO CHEMICALS, FUELS AND ANIMAL FEED (CCnet).",Engineering & Manufacturing,25.0
82FEA8E7-AA3F-4E13-A5D8-2AE36FA69158,"CARBON RECYCLING: CONVERTING WASTE DERIVED GHG INTO CHEMICALS, FUELS AND ANIMAL FEED (CCnet).","Life, Agricultural & Health Sciences",50.0
82FEA8E7-AA3F-4E13-A5D8-2AE36FA69158,"CARBON RECYCLING: CONVERTING WASTE DERIVED GHG INTO CHEMICALS, FUELS AND ANIMAL FEED (CCnet).",Materials & Chemistry,12.5
836407D1-74E2-4905-BDA0-6CF2F27E1DAD,Developing the contribution of discursive psychology to sustainable business and circular economy research.,"Arts, Humanities & Behavioural Sciences",50.0
836407D1-74E2-4905-BDA0-6CF2F27E1DAD,Developing the contribution of discursive psychology to sustainable business and circular economy research.,"Social Sciences, Business & Economics",50.0
838457E6-E634-4B0C-9919-0E21BF041146,"Automated Nano AnaLysing, characterisatiOn and additive packaGing sUitE (ANALOGUE)",Computer & Quantitative Sciences,100.0
844B953C-55A6-49F9-963D-020285BC9B71,Exploring ecoliteracy and its relevance in realizing far-reaching sustainable innovation,Engineering & Manufacturing,100.0
8484DE96-4194-4922-A3BB-30EFFB296A2F,Fabrication of re-usable materials based on mineral particulates,Engineering & Manufacturing,40.0
8484DE96-4194-4922-A3BB-30EFFB296A2F,Fabrication of re-usable materials based on mineral particulates,Materials & Chemistry,60.0
8498BCF1-FB04-4298-92F4-2CDCF0C234BB,ROBUST:Regeneration Of Brownfield Using Sustainable Technologies,Engineering & Manufacturing,40.0
8498BCF1-FB04-4298-92F4-2CDCF0C234BB,ROBUST:Regeneration Of Brownfield Using Sustainable Technologies,Environmental & Earth Sciences,60.0
84BF02BD-7DC3-4F57-9DA3-F000AF890DD9,Biocatalytic Approaches to the Synthetic Manipulation of Silicones,"Life, Agricultural & Health Sciences",50.0
84BF02BD-7DC3-4F57-9DA3-F000AF890DD9,Biocatalytic Approaches to the Synthetic Manipulation of Silicones,Materials & Chemistry,50.0
84E001F2-73AD-473C-962F-0E29FF6DC7E4,Development of a Novel Self-Healing Composite for Sustainable and Resilient Concrete Infrastructure,Engineering & Manufacturing,75.0
84E001F2-73AD-473C-962F-0E29FF6DC7E4,Development of a Novel Self-Healing Composite for Sustainable and Resilient Concrete Infrastructure,Materials & Chemistry,25.0
8537F2B8-D927-442A-96C1-7738345A6F8A,UKRI Interdisciplinary Centre for CircularMetal,Engineering & Manufacturing,40.0
8537F2B8-D927-442A-96C1-7738345A6F8A,UKRI Interdisciplinary Centre for CircularMetal,Materials & Chemistry,50.0
8537F2B8-D927-442A-96C1-7738345A6F8A,UKRI Interdisciplinary Centre for CircularMetal,"Social Sciences, Business & Economics",10.0
86529EED-2F82-401D-AD64-88E2896E393A,Nanostructured Polymeric Materials,Materials & Chemistry,100.0
8662228F-8E4F-4388-9171-47DCAF5102AD,SuCCEED: Sustainable Commodity Chemicals through Enzyme Engineering & Design,Engineering & Manufacturing,50.0
8662228F-8E4F-4388-9171-47DCAF5102AD,SuCCEED: Sustainable Commodity Chemicals through Enzyme Engineering & Design,"Life, Agricultural & Health Sciences",50.0
868E7EB3-89FB-45AF-84D2-09F6F7667D5F,Microbial integration of plastics in the circular economy,Engineering & Manufacturing,18.181818181818183
868E7EB3-89FB-45AF-84D2-09F6F7667D5F,Microbial integration of plastics in the circular economy,"Life, Agricultural & Health Sciences",36.36363636363637
868E7EB3-89FB-45AF-84D2-09F6F7667D5F,Microbial integration of plastics in the circular economy,Materials & Chemistry,45.45454545454545
86CEF56B-7F26-4FFA-B03E-E86F6E524249,Meta-material adhesives for improved performance and functionalisation of bondlines,Engineering & Manufacturing,70.0
86CEF56B-7F26-4FFA-B03E-E86F6E524249,Meta-material adhesives for improved performance and functionalisation of bondlines,Materials & Chemistry,30.0
870C97D1-837A-4A0E-8712-381EE8AC65EB,"Activating the Arts for International Development: Community Education, Innovative Models and Transnational Networks","Arts, Humanities & Behavioural Sciences",33.33333333333333
870C97D1-837A-4A0E-8712-381EE8AC65EB,"Activating the Arts for International Development: Community Education, Innovative Models and Transnational Networks","Social Sciences, Business & Economics",66.66666666666666
87AABF5D-05FD-4BFE-997B-573A70385942,STREAM 1: Park Royal PBIAA Net-Zero Food Supply Chains,Engineering & Manufacturing,100.0
87AE68C3-5D7C-4C23-AD8F-17A10BC8318E,Novel polymers from terpenes,Materials & Chemistry,100.0
8834A905-3CC9-449C-8C6E-03602E576C71,Engineering Microbial-Induced Carbonate Precipitation via Meso-Scale Simulations,Engineering & Manufacturing,100.0
887FA82A-7AD5-4D47-9856-0BE5C62FD940,"Biogeochemistry, Bioextraction and Biorecovery of Rare Earth Elements",Engineering & Manufacturing,75.0
887FA82A-7AD5-4D47-9856-0BE5C62FD940,"Biogeochemistry, Bioextraction and Biorecovery of Rare Earth Elements","Life, Agricultural & Health Sciences",25.0
88AAF457-0685-4CA9-B753-BC40B888AE28,"Electronics Consumption, Waste and the Informal Trade Sector in Sub-Saharan Africa","Arts, Humanities & Behavioural Sciences",100.0
894ECE78-AF1A-43D3-87E5-BD3438B68602,Regulation of polyphosphate metabolism in Chlamydomonas and potential for exploitation as P phosphorus sink in nutrient recovery systems,Engineering & Manufacturing,25.0
894ECE78-AF1A-43D3-87E5-BD3438B68602,Regulation of polyphosphate metabolism in Chlamydomonas and potential for exploitation as P phosphorus sink in nutrient recovery systems,"Life, Agricultural & Health Sciences",75.0
89875708-F974-4913-BE04-F9615AB02728,PROMT: Philippines Remediation of Mine Tailings,Computer & Quantitative Sciences,35.0
89875708-F974-4913-BE04-F9615AB02728,PROMT: Philippines Remediation of Mine Tailings,Engineering & Manufacturing,20.0
89875708-F974-4913-BE04-F9615AB02728,PROMT: Philippines Remediation of Mine Tailings,Environmental & Earth Sciences,45.0
8BCBC6B7-37A7-4FB6-A060-00EF4A22B3CA,SHUTTERING: Low carbon concrete Structures witH aUxeTic TextilE foRmworks as reinforcING element,Engineering & Manufacturing,100.0
8BDFAD91-7F90-49FC-8194-36890DC4D139,Expanding safe water and waste management service access to off-grid urban populations in Africa,Environmental & Earth Sciences,33.33333333333333
8BDFAD91-7F90-49FC-8194-36890DC4D139,Expanding safe water and waste management service access to off-grid urban populations in Africa,"Social Sciences, Business & Economics",66.66666666666666
8C9A49F7-830E-4467-94B7-1EEBA0084F42,An Integrated Approach to Sustainable Urban Redevelopment: Birmingham Eastside as a National and International Demonstrator,Engineering & Manufacturing,100.0
8DA4162F-5E4E-4396-9854-FC05ED622467,Carbon-neutral pathways of recycling marine plastic waste,Environmental & Earth Sciences,100.0
8E851C27-C711-43FC-A81B-E13161BEA181,Assessing Agroecology Benefits and Novel Chemical and AMR Risks in Adopting a Sanitation-Agriculture Circular Economy,"Life, Agricultural & Health Sciences",100.0
8EA04AB9-BB6E-4D4D-9BB5-C9AE9940241E,"Recovery and re-use of energy, water and nutrients from waste in the food chain (Redivivus)",Energy,100.0
8F16AE7D-D5FB-4271-976C-FFBDD76171B9,High Performance Discontinuous Fibre Composites - a sustainable route to the next generation of composites,Engineering & Manufacturing,100.0
8F2A13D5-93FA-4E31-81CB-02B448E58E12,MW-DESP: An integrated approach to ethanol production from rice straw via microwave-assisted deep eutectic solvent pretreatment and sequential...,"Life, Agricultural & Health Sciences",100.0
9122F36C-5370-4489-BBD5-AED8DBEA0605,BGS Geoscience to tackle global environmental challenges,Environmental & Earth Sciences,100.0
9141D1EA-954C-448E-9CFE-42270F0FB1F8,CORAL:Compostable Foams from Renewable Algae Sources: development and identification of strategies for their implementation,Materials & Chemistry,100.0
914F6566-2F34-4DFD-9077-345BE664B42D,MATERIALS 5R BY INDUSTRIAL SYMBIOSIS IN THE CEMENT INDUSTRY - UNDERSTANDING METABOLISM OF TOXIC METALS IN CO-PROCESSING,Engineering & Manufacturing,25.0
914F6566-2F34-4DFD-9077-345BE664B42D,MATERIALS 5R BY INDUSTRIAL SYMBIOSIS IN THE CEMENT INDUSTRY - UNDERSTANDING METABOLISM OF TOXIC METALS IN CO-PROCESSING,Environmental & Earth Sciences,25.0
914F6566-2F34-4DFD-9077-345BE664B42D,MATERIALS 5R BY INDUSTRIAL SYMBIOSIS IN THE CEMENT INDUSTRY - UNDERSTANDING METABOLISM OF TOXIC METALS IN CO-PROCESSING,Materials & Chemistry,50.0
93D00FCE-1744-429A-ABA5-5C7D9984F533,RE-DISTRIBUTED MANUFACTURING NETWORKS | THE ROLE OF MAKESPACES,Engineering & Manufacturing,100.0
956C0500-FE14-40DD-8F78-7AAAA1B65129,"Breaking FROntiers for advanced engineering of bespoke, functional Biopolymer COmposite materials (FROBCO)",Engineering & Manufacturing,50.0
956C0500-FE14-40DD-8F78-7AAAA1B65129,"Breaking FROntiers for advanced engineering of bespoke, functional Biopolymer COmposite materials (FROBCO)",Materials & Chemistry,50.0
95C69340-2C4B-43CA-A64A-4D8AB5F47273,In situ recovery of resources from waste repositories,Engineering & Manufacturing,40.0
95C69340-2C4B-43CA-A64A-4D8AB5F47273,In situ recovery of resources from waste repositories,Environmental & Earth Sciences,60.0
963F82CE-27D8-460F-9DB3-D61E8D7380AA,Cleaning Land for Wealth,Engineering & Manufacturing,50.0
963F82CE-27D8-460F-9DB3-D61E8D7380AA,Cleaning Land for Wealth,Environmental & Earth Sciences,50.0
96FEECBC-9B01-4ABB-9168-DEA3F4E70029,Reducing the impacts of plastic waste in the Eastern Pacific Ocean,Computer & Quantitative Sciences,30.0
96FEECBC-9B01-4ABB-9168-DEA3F4E70029,Reducing the impacts of plastic waste in the Eastern Pacific Ocean,Environmental & Earth Sciences,50.0
96FEECBC-9B01-4ABB-9168-DEA3F4E70029,Reducing the impacts of plastic waste in the Eastern Pacific Ocean,"Social Sciences, Business & Economics",20.0
9810A33F-FA1A-42D7-9027-BA5FA828C270,Future Fashion Factory - Digitally Enabled Design & Manufacture of Designer Products for Circular Economies,Engineering & Manufacturing,100.0
98550446-692A-4047-A1FF-B65DA84BC268,Community-led Upgrading for Self-Reliance in South Africa: Integrated Construction and Environmental Management Systems in Informal Settlements,Engineering & Manufacturing,50.0
98550446-692A-4047-A1FF-B65DA84BC268,Community-led Upgrading for Self-Reliance in South Africa: Integrated Construction and Environmental Management Systems in Informal Settlements,Environmental & Earth Sciences,10.0
98550446-692A-4047-A1FF-B65DA84BC268,Community-led Upgrading for Self-Reliance in South Africa: Integrated Construction and Environmental Management Systems in Informal Settlements,"Social Sciences, Business & Economics",40.0
98A6C9B6-BF1C-44F5-B7FC-17BE7A3D75BD,CLOUD MANUFACTURING - TOWARDS RESILIENT AND SCALABLE HIGH VALUE MANUFACTURING,Computer & Quantitative Sciences,60.0
98A6C9B6-BF1C-44F5-B7FC-17BE7A3D75BD,CLOUD MANUFACTURING - TOWARDS RESILIENT AND SCALABLE HIGH VALUE MANUFACTURING,"Social Sciences, Business & Economics",40.0
9903F3E6-AB7A-410A-B5C3-92763D64357A,Tellurium and Selenium Cycling and Supply,Energy,15.0
9903F3E6-AB7A-410A-B5C3-92763D64357A,Tellurium and Selenium Cycling and Supply,Engineering & Manufacturing,15.0
9903F3E6-AB7A-410A-B5C3-92763D64357A,Tellurium and Selenium Cycling and Supply,Environmental & Earth Sciences,55.00000000000001
9903F3E6-AB7A-410A-B5C3-92763D64357A,Tellurium and Selenium Cycling and Supply,Materials & Chemistry,15.0
99DE4A95-12A0-4949-AAAC-391C9AEF1AD3,Thermal Recovery of Functional Coatings (TReFCo),Engineering & Manufacturing,70.0
99DE4A95-12A0-4949-AAAC-391C9AEF1AD3,Thermal Recovery of Functional Coatings (TReFCo),Materials & Chemistry,30.0
9A7F706C-D465-4859-AE41-57A5BC31B7C8,"Sorbent regeneration, recycling, and transformation: A transformative approach to iodine capture and immobilization",Energy,100.0
9A8AD135-4201-4035-A60B-EADD3482559C,Transforming the Foundation Industries: a Network+ Towards Value by Innovation,Engineering & Manufacturing,30.0
9A8AD135-4201-4035-A60B-EADD3482559C,Transforming the Foundation Industries: a Network+ Towards Value by Innovation,Materials & Chemistry,70.0
9A938FD7-6AA9-4ECD-A2FD-DC9B62B3D939,iBIO - Insect Bioreactor for Industrial Insect Waste Valorisation,"Life, Agricultural & Health Sciences",100.0
9C1BD285-382B-478C-BFB9-370A886D89FB,Enzymatic deconstruction of polyester textiles,Engineering & Manufacturing,33.33333333333333
9C1BD285-382B-478C-BFB9-370A886D89FB,Enzymatic deconstruction of polyester textiles,"Life, Agricultural & Health Sciences",66.66666666666666
9CDAA758-A753-45C3-844B-4A6E17DEE903,Electro-fermentation process design for efficient CO2 conversion into value-added products,Engineering & Manufacturing,100.0
9CEEBF4B-72E7-42AD-B6AD-F1D1943CD998,LIMES.NET: Network for Low Impact Materials and innovative Engineering Solutions for the built environment,Engineering & Manufacturing,100.0
9D09AFE2-5BB2-45C3-A0F6-A5F62A2CFA16,UKRI Interdisciplinary Centre for Circular Chemical Economy,Materials & Chemistry,100.0
9D2FB8B8-77B2-48CB-8B1A-AA221EF3EB59,""" smART cities and waste: Developing an arts-led interdisciplinary network for waste management and treatment innovation""","Arts, Humanities & Behavioural Sciences",20.0
9D2FB8B8-77B2-48CB-8B1A-AA221EF3EB59,""" smART cities and waste: Developing an arts-led interdisciplinary network for waste management and treatment innovation""",Environmental & Earth Sciences,60.0
9D2FB8B8-77B2-48CB-8B1A-AA221EF3EB59,""" smART cities and waste: Developing an arts-led interdisciplinary network for waste management and treatment innovation""","Social Sciences, Business & Economics",20.0
9D68C66D-05A3-44CF-A906-DEAE9454A9D4,Bioproduction of a high-value synthetic ketone ester and its precursors for a UK-based value and supply chain,Engineering & Manufacturing,71.42857142857143
9D68C66D-05A3-44CF-A906-DEAE9454A9D4,Bioproduction of a high-value synthetic ketone ester and its precursors for a UK-based value and supply chain,Materials & Chemistry,28.57142857142857
9D8B3803-F8B5-446D-A285-4FD91A01589F,Novel intensified liquid-liquid contactors for mass transfer in sustainable energy generation.,Energy,100.0
9E9478AD-A453-4F98-B554-F21FFB1B9688,Uncovering Fundamental Mechanisms to Enable Sustainable Steel Manufacturing,Engineering & Manufacturing,100.0
9F7607FD-FE07-420A-9BC8-403104D1EC97,ESTEEM: Energy efficient and Safe out-of-oven manufacTuring for compositE materials with intEgrated Multifunctionalities,Engineering & Manufacturing,75.0
9F7607FD-FE07-420A-9BC8-403104D1EC97,ESTEEM: Energy efficient and Safe out-of-oven manufacTuring for compositE materials with intEgrated Multifunctionalities,Materials & Chemistry,25.0
9F770D10-AA69-4234-896E-2F274460660C,Bioinspired Membranes for Water Purification,Materials & Chemistry,100.0
9FA69A75-7AAB-4343-BB2D-D2887440ED14,Small is Beautiful,Energy,20.0
9FA69A75-7AAB-4343-BB2D-D2887440ED14,Small is Beautiful,Engineering & Manufacturing,80.0
9FEDE32F-4754-414B-A29B-FFE3A5791DE6,UKRI Interdisciplinary Centre for Circular Chemical Economy,Materials & Chemistry,100.0
A0D0160B-CF16-4A16-BD19-AF115518229E,Evolution and Resilience of Industrial Ecosystems (ERIE),Computer & Quantitative Sciences,100.0
A0EBEBE5-FCF7-48AF-8A6C-186BB069EB89,Unmixed Steam Reforming of Liquid Fuels From Biomass and Waste for Hydrogen Production,Engineering & Manufacturing,100.0
A15AADE9-8D9B-4029-9877-01CCF9608265,Ox-Chain: Towards secure and trustworthy circular economies through distributed ledger technologies,Computer & Quantitative Sciences,70.0
A15AADE9-8D9B-4029-9877-01CCF9608265,Ox-Chain: Towards secure and trustworthy circular economies through distributed ledger technologies,Engineering & Manufacturing,10.0
A15AADE9-8D9B-4029-9877-01CCF9608265,Ox-Chain: Towards secure and trustworthy circular economies through distributed ledger technologies,"Social Sciences, Business & Economics",20.0
A25D3AD3-7D44-485E-ADAF-12C9DFB67CD4,Extended Life and Innovative Recycling of Carbon Waste for Friction Applications,Materials & Chemistry,100.0
A3F26317-B1DA-4F64-8677-591FCB4F8966,In situ recovery of resources from waste repositories,Engineering & Manufacturing,70.0
A3F26317-B1DA-4F64-8677-591FCB4F8966,In situ recovery of resources from waste repositories,Environmental & Earth Sciences,30.0
A43A3BD8-9F6E-42CF-A9B8-9F5596AB3725,Rurality as a vehicle for Urban Sanitation Transformation (RUST),"Social Sciences, Business & Economics",100.0
A43D2847-6451-479C-8332-490AC011B698,Materials that unlock light-controlled specific separations to enable sustainable desalination (LUCENT),Engineering & Manufacturing,50.0
A43D2847-6451-479C-8332-490AC011B698,Materials that unlock light-controlled specific separations to enable sustainable desalination (LUCENT),Materials & Chemistry,50.0
A44224EB-C231-4878-888C-3B053DDE53A3,Recovery of metal value from end of life PEMFC,Engineering & Manufacturing,25.0
A44224EB-C231-4878-888C-3B053DDE53A3,Recovery of metal value from end of life PEMFC,Environmental & Earth Sciences,25.0
A44224EB-C231-4878-888C-3B053DDE53A3,Recovery of metal value from end of life PEMFC,Materials & Chemistry,50.0
A4D6226A-4B4D-4FCD-A5C5-6987BEBC5500,Zero-Chem: Zerogap bipolar membrane electrolyser for CO2 reduction to chemicals & fuels,Energy,100.0
A5868A81-D55A-426D-B3C2-B87E2AF64943,Clean Low Carbon Vehicles - Combustion with Simultaneous Nitrogen and Hydrogen Enrichment,"Social Sciences, Business & Economics",100.0
A66A3531-40A2-4793-80F0-B1018DD034AC,UKRI Interdisciplinary Circular Economy Centre For Mineral-based Construction Materials,Engineering & Manufacturing,100.0
A683A812-8D25-49B1-8706-6FC3CDD3E831,INTELLECTUAL PROPERTY MODELS TO ACCELERATE SUSTAINABILITY TRANSITIONS - IPACST,"Social Sciences, Business & Economics",100.0
A7A95112-5624-4B1F-AF5C-48081538641D,Platform chemical production from low-cost sustainable raw materials using green processing strategies,Engineering & Manufacturing,80.0
A7A95112-5624-4B1F-AF5C-48081538641D,Platform chemical production from low-cost sustainable raw materials using green processing strategies,Materials & Chemistry,20.0
A81721E0-D04C-449B-8AB3-E1A487BF0F2C,From Industry 3.0 to Industry 4.0: Additive Manufacturability,Engineering & Manufacturing,40.0
A81721E0-D04C-449B-8AB3-E1A487BF0F2C,From Industry 3.0 to Industry 4.0: Additive Manufacturability,Materials & Chemistry,60.0
A8CCDBFD-022B-4B5E-B39F-6C286040F32E,Low Temperature Heat Recovery and Distribution Network Technologies (LoT-NET),Energy,100.0
A9A35D90-0EC1-42AD-87DC-C0128EFB57EC,The UK Catalysis Hub -'Core',Materials & Chemistry,100.0
AA615E35-9132-44D0-BFC9-D982BE9519EB,Advanced Imaging and Numerical Modelling of Segregation and Transport of Plastics in Fluidised Beds: Toward a Circular Economy for Plastics,Engineering & Manufacturing,100.0
AACE2C52-59BA-44F6-ADE8-D22047349DF0,"Developing the synergy between chemical, biochemical, and mechanical processing for enhanced recycling of multilayer plastic packaging",Engineering & Manufacturing,25.0
AACE2C52-59BA-44F6-ADE8-D22047349DF0,"Developing the synergy between chemical, biochemical, and mechanical processing for enhanced recycling of multilayer plastic packaging",Materials & Chemistry,75.0
AB06C2C1-F1A7-47A2-94C9-6D486682778B,The Wicked Problem of Plastics and the Discourse Surrounding its Governance,Environmental & Earth Sciences,33.33333333333333
AB06C2C1-F1A7-47A2-94C9-6D486682778B,The Wicked Problem of Plastics and the Discourse Surrounding its Governance,"Social Sciences, Business & Economics",66.66666666666666
ABB17A7A-6980-4158-AFC8-D80FCC230A4F,Towards Brown Gold?: Reimagining off-grid sanitation in rapidly urbanising areas in Asia and Africa,Engineering & Manufacturing,60.0
ABB17A7A-6980-4158-AFC8-D80FCC230A4F,Towards Brown Gold?: Reimagining off-grid sanitation in rapidly urbanising areas in Asia and Africa,"Social Sciences, Business & Economics",40.0
AC14B28E-74D9-4415-9BFD-BB92AE73263A,Case For Support - Compostable plastics: unlocking existing barriers to systems change,Environmental & Earth Sciences,50.0
AC14B28E-74D9-4415-9BFD-BB92AE73263A,Case For Support - Compostable plastics: unlocking existing barriers to systems change,"Life, Agricultural & Health Sciences",50.0
ACE5593E-BE46-48AA-A75E-0C16F07CEB26,Tellurium and Selenium Cycling and Supply,Energy,15.0
ACE5593E-BE46-48AA-A75E-0C16F07CEB26,Tellurium and Selenium Cycling and Supply,Engineering & Manufacturing,15.0
ACE5593E-BE46-48AA-A75E-0C16F07CEB26,Tellurium and Selenium Cycling and Supply,Environmental & Earth Sciences,55.00000000000001
ACE5593E-BE46-48AA-A75E-0C16F07CEB26,Tellurium and Selenium Cycling and Supply,Materials & Chemistry,15.0
AD2C8D7D-7372-4212-9DCB-2E13750BE402,ESTEEM: Energy efficient and Safe out-of-oven manufacTuring for compositE materials with intEgrated Multifunctionalities,Engineering & Manufacturing,75.0
AD2C8D7D-7372-4212-9DCB-2E13750BE402,ESTEEM: Energy efficient and Safe out-of-oven manufacTuring for compositE materials with intEgrated Multifunctionalities,Materials & Chemistry,25.0
AD546DCE-1CC8-433E-BA55-EA874388BDA7,Boosting Reduction of Energy Intensity in cleaN STeelwork platfORM,Energy,50.0
AD546DCE-1CC8-433E-BA55-EA874388BDA7,Boosting Reduction of Energy Intensity in cleaN STeelwork platfORM,Engineering & Manufacturing,25.0
AD546DCE-1CC8-433E-BA55-EA874388BDA7,Boosting Reduction of Energy Intensity in cleaN STeelwork platfORM,Materials & Chemistry,25.0
AD9AC23D-363E-473E-86FB-066199CAC477,Understanding the future of Canada-UK Trade,Environmental & Earth Sciences,20.0
AD9AC23D-363E-473E-86FB-066199CAC477,Understanding the future of Canada-UK Trade,"Social Sciences, Business & Economics",80.0
ADB51C95-26A3-4C83-87F8-0CC234E02D0A,Sustainable Materials in the Creative Industries,"Arts, Humanities & Behavioural Sciences",80.0
ADB51C95-26A3-4C83-87F8-0CC234E02D0A,Sustainable Materials in the Creative Industries,Engineering & Manufacturing,20.0
AE1E46AB-912A-4A8E-BD6D-FF6BBF3D5990,Scalable Circular Supply Chain For the Built Environment,Computer & Quantitative Sciences,70.0
AE1E46AB-912A-4A8E-BD6D-FF6BBF3D5990,Scalable Circular Supply Chain For the Built Environment,Energy,30.0
AE3755E5-FC37-4D51-8FCF-6F22D53EA275,Undermining Infrastructure: Avoiding the Scarcity Trap,Engineering & Manufacturing,100.0
AED6A1A0-7FC7-4C96-83B8-01A16E83788B,ABC: use of Azolla for Biomining of heavy metals towards a Circular bioeconomy,Engineering & Manufacturing,50.0
AED6A1A0-7FC7-4C96-83B8-01A16E83788B,ABC: use of Azolla for Biomining of heavy metals towards a Circular bioeconomy,"Life, Agricultural & Health Sciences",50.0
AF1E5797-417E-44A6-B48E-6732DCDE670C,Circular Economy Network+ in Transportation Systems (CENTS),Environmental & Earth Sciences,100.0
AF6325AE-A415-4C36-9429-973530591718,Developing a Circular Economy for Medical Testing Plastics,Engineering & Manufacturing,20.0
AF6325AE-A415-4C36-9429-973530591718,Developing a Circular Economy for Medical Testing Plastics,Materials & Chemistry,70.0
AF6325AE-A415-4C36-9429-973530591718,Developing a Circular Economy for Medical Testing Plastics,"Social Sciences, Business & Economics",10.0
B03E76E5-92B4-496B-950C-56955B232E53,NOVEL SUSTAINABLE MANUFACTURING TECHNOLOGIES FOR EFFICIENT UTILISATION OF AGRICULTURAL WASTE STREAMS IN A CIRCULAR ECONOMY,Engineering & Manufacturing,90.0
B03E76E5-92B4-496B-950C-56955B232E53,NOVEL SUSTAINABLE MANUFACTURING TECHNOLOGIES FOR EFFICIENT UTILISATION OF AGRICULTURAL WASTE STREAMS IN A CIRCULAR ECONOMY,Materials & Chemistry,10.0
B17085C9-0E94-4226-9B63-7325963E724B,Upcycling of Light Alloy by Rheoforming Scrap (ULARS),Materials & Chemistry,100.0
B2497607-197B-4D28-B4F2-38AC4CF041BD,New strategies and models for commercialising innovations in the processing of agri- and food co-streams,Engineering & Manufacturing,22.22222222222222
B2497607-197B-4D28-B4F2-38AC4CF041BD,New strategies and models for commercialising innovations in the processing of agri- and food co-streams,"Life, Agricultural & Health Sciences",77.77777777777779
B2B795A2-A946-4367-A840-E54ACF23AA0D,Hub 'Science' 3: Catalysis for the Circular Economy and Sustainable Manufacturing,Engineering & Manufacturing,25.0
B2B795A2-A946-4367-A840-E54ACF23AA0D,Hub 'Science' 3: Catalysis for the Circular Economy and Sustainable Manufacturing,Materials & Chemistry,75.0
B2F0DBC1-29C5-467F-AF12-EDF6563C2476,THE FUTURE COMPOSITES MANUFACTURING HUB,Engineering & Manufacturing,50.0
B2F0DBC1-29C5-467F-AF12-EDF6563C2476,THE FUTURE COMPOSITES MANUFACTURING HUB,Materials & Chemistry,50.0
B334C8B2-4CCB-409C-B167-3847B22977E5,Sir Henry Royce Institute - Sheffield Build,Materials & Chemistry,100.0
B3A64D41-946A-48C3-BEC1-85B54F6756A3,Sustainable Sludge Valorisation Technology for Closed-Loop Resource Recovery,Engineering & Manufacturing,100.0
B3BE0C62-A874-4AE6-8601-4B037F99EF93,UKRI Interdisciplinary Circular Economy Centre for Technology Metals (Met4Tech),Engineering & Manufacturing,45.0
B3BE0C62-A874-4AE6-8601-4B037F99EF93,UKRI Interdisciplinary Circular Economy Centre for Technology Metals (Met4Tech),Environmental & Earth Sciences,55.00000000000001
B3FD9DD9-91EA-4900-AEA5-9C30CA021E0B,In situ recovery of resources from waste repositories,Engineering & Manufacturing,30.0
B3FD9DD9-91EA-4900-AEA5-9C30CA021E0B,In situ recovery of resources from waste repositories,Environmental & Earth Sciences,60.0
B3FD9DD9-91EA-4900-AEA5-9C30CA021E0B,In situ recovery of resources from waste repositories,"Life, Agricultural & Health Sciences",10.0
B50AEC62-055C-4830-8EA7-BFB9F44612F3,SUstainable Reversal oF metallic Adhesive Connections Tailored for Augmenting Net zero Transportation (SURFACTANT),Energy,80.0
B50AEC62-055C-4830-8EA7-BFB9F44612F3,SUstainable Reversal oF metallic Adhesive Connections Tailored for Augmenting Net zero Transportation (SURFACTANT),Engineering & Manufacturing,20.0
B52C8D36-8C09-4790-A4C9-C41C1ABFA359,"The UK Catalysis Hub - 'Science': 1 - Optimising, predicting and designing new Catalysts",Materials & Chemistry,95.0
B56F314D-D85B-4BD1-B88A-7C852525B73B,Self-learning robotics for industrial contact-rich tasks (ATARI): enabling smart learning in automated disassembly,Computer & Quantitative Sciences,15.0
B56F314D-D85B-4BD1-B88A-7C852525B73B,Self-learning robotics for industrial contact-rich tasks (ATARI): enabling smart learning in automated disassembly,Engineering & Manufacturing,85.0
B6762E04-30B2-441C-9988-F07841ADCA4A,Sustainable Processing of Energy Materials from Waste,Energy,20.0
B6762E04-30B2-441C-9988-F07841ADCA4A,Sustainable Processing of Energy Materials from Waste,Engineering & Manufacturing,40.0
B6762E04-30B2-441C-9988-F07841ADCA4A,Sustainable Processing of Energy Materials from Waste,Environmental & Earth Sciences,20.0
B6762E04-30B2-441C-9988-F07841ADCA4A,Sustainable Processing of Energy Materials from Waste,Materials & Chemistry,20.0
B6ADBBB7-F900-43AE-AAED-FE481D506185,Tellurium and Selenium Cycling and Supply,Energy,15.0
B6ADBBB7-F900-43AE-AAED-FE481D506185,Tellurium and Selenium Cycling and Supply,Engineering & Manufacturing,15.0
B6ADBBB7-F900-43AE-AAED-FE481D506185,Tellurium and Selenium Cycling and Supply,Environmental & Earth Sciences,55.00000000000001
B6ADBBB7-F900-43AE-AAED-FE481D506185,Tellurium and Selenium Cycling and Supply,Materials & Chemistry,15.0
B7909988-73B7-44F4-A85A-AFB6C6A732BB,An Integrated Approach to Sustainable Urban Redevelopment: Birmingham Eastside as a National and International Demonstrator,Engineering & Manufacturing,100.0
B88C2B59-831F-447D-B9A9-BE0B056E5A26,iNEED (including Non-destructive Evaluation in Engineered Design),Computer & Quantitative Sciences,20.0
B88C2B59-831F-447D-B9A9-BE0B056E5A26,iNEED (including Non-destructive Evaluation in Engineered Design),Engineering & Manufacturing,80.0
B9ACB0EC-1924-421A-9106-28630266C7E2,One Bin to Rule Them All,Materials & Chemistry,40.0
B9ACB0EC-1924-421A-9106-28630266C7E2,One Bin to Rule Them All,"Social Sciences, Business & Economics",60.0
B9DB66A1-C230-4239-91EA-82BF4427DC03,From arc magmas to ores (FAMOS): A mineral systems approach,Engineering & Manufacturing,15.0
B9DB66A1-C230-4239-91EA-82BF4427DC03,From arc magmas to ores (FAMOS): A mineral systems approach,Environmental & Earth Sciences,85.0
B9DEAFC8-C198-4A7A-8EFE-82869806C526,"Breaking FROntiers for advanced engineering of bespoke, functional Biopolymer COmposite materials (FROBCO)",Engineering & Manufacturing,50.0
B9DEAFC8-C198-4A7A-8EFE-82869806C526,"Breaking FROntiers for advanced engineering of bespoke, functional Biopolymer COmposite materials (FROBCO)",Materials & Chemistry,50.0
BA97BB1B-A9CA-4CB1-A092-DE493F7245E7,C-VORR: Complex-Value Optimisation for Resource Recovery,Environmental & Earth Sciences,100.0
BAB5BC72-8AE8-46A4-8EA1-9FB6EA26C4DF,Development of Automated Parallel CO2 Supercritical Fluid Chromatography for Use in Continuous Flow Chemical Synthesis,Engineering & Manufacturing,45.0
BAB5BC72-8AE8-46A4-8EA1-9FB6EA26C4DF,Development of Automated Parallel CO2 Supercritical Fluid Chromatography for Use in Continuous Flow Chemical Synthesis,Materials & Chemistry,55.00000000000001
BAE333AB-5F17-42AE-863A-9EE55BBA4403,Hybrid Gifts,Computer & Quantitative Sciences,50.0
BAE333AB-5F17-42AE-863A-9EE55BBA4403,Hybrid Gifts,Engineering & Manufacturing,50.0
BB799A76-C9D9-400B-8CE5-89F5D00303C8,REBUILD - REgenerative BUILDings and products for a circular economy,Engineering & Manufacturing,100.0
BBCA0574-298D-422D-889F-537F08F7E9DA,Development of a hybrid technology for treating recalcitrant water contaminants: assessing e-beam potential.,Environmental & Earth Sciences,70.0
BBCA0574-298D-422D-889F-537F08F7E9DA,Development of a hybrid technology for treating recalcitrant water contaminants: assessing e-beam potential.,Materials & Chemistry,30.0
BE0F8046-033F-476D-B272-353F3C63B5EC,Assessing Material Efficiency and Impacts in Buildings (AMEIB),Engineering & Manufacturing,100.0
BE219A30-CC06-46B3-B66F-1D52C19EC0A5,Industrial Robots-as-a-Service (IRaaS) - Resilient and responsive manufacturing systems enabled by rapidly deployable mobile robots,Engineering & Manufacturing,100.0
BF1AB2D7-FA27-4D1E-9417-97AF29A95AAF,Multifunctional Electrochemical Flow Platform for High-Throughput Synthesis & Optimisation of Catalysts,Engineering & Manufacturing,60.0
BF1AB2D7-FA27-4D1E-9417-97AF29A95AAF,Multifunctional Electrochemical Flow Platform for High-Throughput Synthesis & Optimisation of Catalysts,Materials & Chemistry,40.0
BF61FAC2-E472-46A1-A320-415777D11763,From arc magmas to ores (FAMOS): A mineral systems approach,Engineering & Manufacturing,15.0
BF61FAC2-E472-46A1-A320-415777D11763,From arc magmas to ores (FAMOS): A mineral systems approach,Environmental & Earth Sciences,85.0
BF6EBFFB-9451-4895-8F3D-82AD4C0D458C,Robotic disassembly technology as a key enabler of autonomous remanufacturing,Engineering & Manufacturing,100.0
BF85F583-D2A8-480C-B274-0B15C21D68D2,Circular4.0: Data Driven Intelligence for a Circular Economy,Engineering & Manufacturing,100.0
BFA7AEA8-3DA1-4FCA-BFA3-2DC1FD425B7A,Singlet Fission in Carotenoid Aggregates (SIFICA),"Life, Agricultural & Health Sciences",20.0
BFA7AEA8-3DA1-4FCA-BFA3-2DC1FD425B7A,Singlet Fission in Carotenoid Aggregates (SIFICA),Materials & Chemistry,80.0
BFD73120-94E1-465C-B3E1-237DCB3BA4AF,STEP Aluminium,Engineering & Manufacturing,50.0
BFD73120-94E1-465C-B3E1-237DCB3BA4AF,STEP Aluminium,Materials & Chemistry,50.0
C003D9B0-A34C-45A7-9BE7-CD467A966719,Towards Realisation of Untapped Oil Resources via Enhanced THAI-CAPRI Process Using Novel Catalysts,Engineering & Manufacturing,50.0
C003D9B0-A34C-45A7-9BE7-CD467A966719,Towards Realisation of Untapped Oil Resources via Enhanced THAI-CAPRI Process Using Novel Catalysts,Materials & Chemistry,50.0
C03A7567-921E-4B0F-96D6-46D51F0D8A0B,Circular Economy for Small Medical Devices,Engineering & Manufacturing,100.0
C03B0F5A-2B23-4396-844A-4731F0926807,Integrated energy efficient microwave and unique fermentation processes for pilot scale production of high value chemicals from lignocellulosic waste,Engineering & Manufacturing,100.0
C18B0F5F-47D5-4351-95CD-56F007EFEDB7,Non-Isothermal Donnan-Dialysis: a novel method beyond iso-thermal Water pre-Treatment paradigm for Energy Reduction in desalination,Engineering & Manufacturing,100.0
C1BC0F57-E5E6-4F9E-908A-E14A5ED1EE31,Water-based adhesive for zero-waste economy,Engineering & Manufacturing,100.0
C33F4829-E385-4626-A9A7-E62A0E286E9B,Engineering Biology Hub for environmental processing and recovery of metals; from contaminated land to industrial biotechnology in a circular economy,Engineering & Manufacturing,66.66666666666666
C33F4829-E385-4626-A9A7-E62A0E286E9B,Engineering Biology Hub for environmental processing and recovery of metals; from contaminated land to industrial biotechnology in a circular economy,Environmental & Earth Sciences,13.333333333333334
C33F4829-E385-4626-A9A7-E62A0E286E9B,Engineering Biology Hub for environmental processing and recovery of metals; from contaminated land to industrial biotechnology in a circular economy,"Life, Agricultural & Health Sciences",20.0
C3587C2B-F1F9-463A-A777-3D3EB4BC0D82,Heterophase Polymerisation of Biobased Monomers for Sustainable Stereocontrolled Latexes,Materials & Chemistry,100.0
C390A037-4939-4C7F-91E0-5D6F435BDF07,Advanced manufacturing of self-sensing bio-based membranes for environmental detoxification and revalorization,Environmental & Earth Sciences,100.0
C3A9505D-0F2D-42E4-B483-5D5011AC7B36,UNLOCKING THE POTENTIAL OF POTATO FIBRES FOR CIRCULAR ECONOMY ON THE CHANNEL ISL,Engineering & Manufacturing,66.66666666666666
C3A9505D-0F2D-42E4-B483-5D5011AC7B36,UNLOCKING THE POTENTIAL OF POTATO FIBRES FOR CIRCULAR ECONOMY ON THE CHANNEL ISL,"Life, Agricultural & Health Sciences",33.33333333333333
C3EE67FE-B1CB-4979-B535-CA2A8C01695F,Bioprocessing of lithium brines,Engineering & Manufacturing,75.0
C3EE67FE-B1CB-4979-B535-CA2A8C01695F,Bioprocessing of lithium brines,"Life, Agricultural & Health Sciences",25.0
C5270E80-D06A-4FDD-AFC8-B524AFC43B8E,REFINE: A coordinated materials programme for the sustainable REduction of spent Fuel vital In a closed loop Nuclear Energy cycle,Energy,50.0
C5270E80-D06A-4FDD-AFC8-B524AFC43B8E,REFINE: A coordinated materials programme for the sustainable REduction of spent Fuel vital In a closed loop Nuclear Energy cycle,Materials & Chemistry,50.0
C58C5A0D-3080-4D41-A3F2-7894B1A06A87,Microbial integration of plastics in the circular economy,Engineering & Manufacturing,18.181818181818183
C58C5A0D-3080-4D41-A3F2-7894B1A06A87,Microbial integration of plastics in the circular economy,"Life, Agricultural & Health Sciences",36.36363636363637
C58C5A0D-3080-4D41-A3F2-7894B1A06A87,Microbial integration of plastics in the circular economy,Materials & Chemistry,45.45454545454545
C63FA71B-636B-438C-AE95-F4B9D67F5D09,domino4chem: Semi-biological Domino Catalysis for Solar Chemical Synthesis,Energy,16.666666666666664
C63FA71B-636B-438C-AE95-F4B9D67F5D09,domino4chem: Semi-biological Domino Catalysis for Solar Chemical Synthesis,Materials & Chemistry,83.33333333333334
C6413A2C-FFA5-42DB-9CFC-888E4920ECC4,Switchable Catalysis for Block Copolymer Compatibilization of Plastic Waste,Materials & Chemistry,100.0
C7A255B6-5F98-487F-B9D4-34BF9E9AAF9A,METzero - Bringing the water sector towards Net-Zero using Microbial Electrochemical Technologies (METs),Engineering & Manufacturing,100.0
C7BF1B2F-063C-4598-BF02-A31C34723D67,ENERWATER,Energy,80.0
C7BF1B2F-063C-4598-BF02-A31C34723D67,ENERWATER,Environmental & Earth Sciences,20.0
C8A9D2B4-FDE6-4DB6-8218-7D437938028E,UK Manufacturing Symbiosis NetworkPlus (UKMSN+),"Social Sciences, Business & Economics",100.0
C909452D-176D-4010-A120-E71E2A517160,The Behaviour of Built-up Thin-Walled Steel Structural Elements,Engineering & Manufacturing,100.0
C9B8D416-0614-46FC-9222-3FAE37EBA125,Defect-engineered metal-organic frameworks for carbon dioxide capture,Energy,100.0
CA71E8B7-1458-4D5B-98CD-C896E2C37FB2,Rethinking waste and the logics of disposability: Compound 13 Lab,"Arts, Humanities & Behavioural Sciences",22.22222222222222
CA71E8B7-1458-4D5B-98CD-C896E2C37FB2,Rethinking waste and the logics of disposability: Compound 13 Lab,Engineering & Manufacturing,33.33333333333333
CA71E8B7-1458-4D5B-98CD-C896E2C37FB2,Rethinking waste and the logics of disposability: Compound 13 Lab,"Social Sciences, Business & Economics",44.44444444444444
CC241C38-EB8D-4A64-9BB7-C3DE11110414,CSTO2NE Biomimicry and carbon adsorbent eco-materials for a climate-neutral economy,Environmental & Earth Sciences,93.33333333333333
CCFB0B5B-B955-4234-865E-A2088A1B419E,Robotic Wire + Arc Additive Manufacture cell,Engineering & Manufacturing,100.0
CD954780-BDC3-4B16-A629-61A7C8F66856,REuse of Structural sTeel in cOnstRuction (RESTOR),Engineering & Manufacturing,100.0
CE9A7331-E478-4EE0-8837-B48A5BB36285,ReBALAN:CE - Recycling Biomass to Agricultural LANd: Capitalizing on Eutrophication,Environmental & Earth Sciences,40.0
CE9A7331-E478-4EE0-8837-B48A5BB36285,ReBALAN:CE - Recycling Biomass to Agricultural LANd: Capitalizing on Eutrophication,"Life, Agricultural & Health Sciences",50.0
CE9A7331-E478-4EE0-8837-B48A5BB36285,ReBALAN:CE - Recycling Biomass to Agricultural LANd: Capitalizing on Eutrophication,"Social Sciences, Business & Economics",10.0
CF98FC50-99CB-4B8A-B2BE-4427108099FF,Predictive Temporal Analysis of Functional Microbiomes in UK's Anerobic Digestion Reactors,Computer & Quantitative Sciences,50.0
CF98FC50-99CB-4B8A-B2BE-4427108099FF,Predictive Temporal Analysis of Functional Microbiomes in UK's Anerobic Digestion Reactors,"Life, Agricultural & Health Sciences",50.0
CFB64F8C-5A95-4BA8-9745-079EA0448859,Digital Innovations for Transitioning to a Circular plastic Economy - (DITCh Plastic),Environmental & Earth Sciences,50.0
CFB64F8C-5A95-4BA8-9745-079EA0448859,Digital Innovations for Transitioning to a Circular plastic Economy - (DITCh Plastic),"Social Sciences, Business & Economics",50.0
D02AC763-30AE-4BA1-8F84-DA700E352F9C,Wave Energy Converter for small communities,Energy,100.0
D10DCE77-3CD0-4CD6-9789-B9FBD93A7CF9,Mechanism and Machine Led Catalyst Discovery for a Circular Economy,Materials & Chemistry,100.0
D1CCDC40-B1AA-4EDF-BEE8-A9740FB7D11E,EPSRC Capital Award for Core Equipment 2020/21,Energy,15.0
D1CCDC40-B1AA-4EDF-BEE8-A9740FB7D11E,EPSRC Capital Award for Core Equipment 2020/21,Engineering & Manufacturing,40.0
D1CCDC40-B1AA-4EDF-BEE8-A9740FB7D11E,EPSRC Capital Award for Core Equipment 2020/21,Materials & Chemistry,45.0
D1D95A2A-F6B9-40A7-B580-8872ABD76638,Transforming the Foundation Industries Research and Innovation Hub (TransFIRE),Engineering & Manufacturing,50.0
D1D95A2A-F6B9-40A7-B580-8872ABD76638,Transforming the Foundation Industries Research and Innovation Hub (TransFIRE),Materials & Chemistry,30.0
D1D95A2A-F6B9-40A7-B580-8872ABD76638,Transforming the Foundation Industries Research and Innovation Hub (TransFIRE),"Social Sciences, Business & Economics",20.0
D3AB559B-21B2-442C-AAAB-CD9BFC128152,"Intelligent circular lifecycles of industrial robots, outdoor power products, and electric vehicles (iCircular3)",Engineering & Manufacturing,60.0
D3AB559B-21B2-442C-AAAB-CD9BFC128152,"Intelligent circular lifecycles of industrial robots, outdoor power products, and electric vehicles (iCircular3)",Environmental & Earth Sciences,20.0
D3AB559B-21B2-442C-AAAB-CD9BFC128152,"Intelligent circular lifecycles of industrial robots, outdoor power products, and electric vehicles (iCircular3)","Social Sciences, Business & Economics",20.0
D4399272-6C3B-4216-9185-32EB0B057DBE,REBUILD - REgenerative BUILDings and products for a circular economy,Engineering & Manufacturing,100.0
D4E66ED6-0B4E-4148-AEDC-45A10502E70F,"Multi-scale, circular economic potential of non-residential building stock",Engineering & Manufacturing,80.0
D4E66ED6-0B4E-4148-AEDC-45A10502E70F,"Multi-scale, circular economic potential of non-residential building stock",Environmental & Earth Sciences,20.0
D63C7B78-2F9A-4E58-B417-A205DAB361AD,The Power of Waves,Engineering & Manufacturing,100.0
D79902C7-0E67-43EF-B96A-217C0EC60B09,"Integrating membrane processes into hydroponics systems to promote plant growth, recover added-value root exudates and recycle nutrients",Engineering & Manufacturing,100.0
D8631A7F-39C8-4E3C-8602-1ADF8F986E3D,Beyond biorecovery: environmental win-win by biorefining of metallic wastes into new functional materials (B3),Engineering & Manufacturing,10.0
D8631A7F-39C8-4E3C-8602-1ADF8F986E3D,Beyond biorecovery: environmental win-win by biorefining of metallic wastes into new functional materials (B3),Environmental & Earth Sciences,65.0
D8631A7F-39C8-4E3C-8602-1ADF8F986E3D,Beyond biorecovery: environmental win-win by biorefining of metallic wastes into new functional materials (B3),"Life, Agricultural & Health Sciences",15.0
D8631A7F-39C8-4E3C-8602-1ADF8F986E3D,Beyond biorecovery: environmental win-win by biorefining of metallic wastes into new functional materials (B3),Materials & Chemistry,10.0
D93DCA07-6EB0-4687-820A-C8EE2FEDC8D5,EPSRC Policy Fellowships in Defra,Engineering & Manufacturing,100.0
D9BE11F6-7573-43B0-990D-2C76027F6E06,"Towards Affordable, Closed-Loop Recyclable Future Low Carbon Vehicle Structures - TARF-LCV",Engineering & Manufacturing,60.0
D9BE11F6-7573-43B0-990D-2C76027F6E06,"Towards Affordable, Closed-Loop Recyclable Future Low Carbon Vehicle Structures - TARF-LCV",Materials & Chemistry,40.0
D9F8E9E0-8858-4B33-AB90-2A807ABA0870,HABIT - Crystal Morphology from Crystallographic and Growth Environmental Factors,Materials & Chemistry,100.0
DA5ECE60-18F3-41B9-AF13-9A74015C0DF8,Thermal Recovery of Functional Coatings (TReFCo),Engineering & Manufacturing,70.0
DA5ECE60-18F3-41B9-AF13-9A74015C0DF8,Thermal Recovery of Functional Coatings (TReFCo),Materials & Chemistry,30.0
DB470CEC-5811-4F36-A31B-18B9E1FAD7C0,Cages for Chemical Separations,Materials & Chemistry,100.0
DB72C8DF-9E11-4CBD-9A51-4558FD4D3267,Sustainable microwave manufacturing of functional inorganic materials (SuMMa),Engineering & Manufacturing,65.0
DB72C8DF-9E11-4CBD-9A51-4558FD4D3267,Sustainable microwave manufacturing of functional inorganic materials (SuMMa),Materials & Chemistry,35.0
DB744F4B-5095-4CA6-93E1-62264A27E449,REFURBISHMENT AND ADDITIVE MANUFACTURING ACCOMPLISHED BY KINETIC DEPOSITION (RE-MAKE),Materials & Chemistry,100.0
DD814F1D-F399-4EEB-85E5-017FD57D64BB,Utilising lone single atoms as model catalysts,Materials & Chemistry,100.0
DDBF3AC7-6687-4214-BCB4-652A46F383C4,Environmental Biotechnology Network,Engineering & Manufacturing,25.0
DDBF3AC7-6687-4214-BCB4-652A46F383C4,Environmental Biotechnology Network,Environmental & Earth Sciences,37.5
DDBF3AC7-6687-4214-BCB4-652A46F383C4,Environmental Biotechnology Network,"Life, Agricultural & Health Sciences",37.5
DDF71528-CAFA-4CAF-8E20-FF9CA536471C,Sustainable manufacturing of circular economy elastomer products,Engineering & Manufacturing,85.0
DDF71528-CAFA-4CAF-8E20-FF9CA536471C,Sustainable manufacturing of circular economy elastomer products,Materials & Chemistry,15.0
DF62AF58-416F-4647-915B-15C89B663CFC,Catalysis for Compatibilizers: Upcycling Plastic Waste into Value-Added Materials,Materials & Chemistry,100.0
DFCA3E5F-9478-469D-852B-0D76421A21BC,Carbon-neutral pathways of recycling marine plastic waste - CUPOLA,Environmental & Earth Sciences,100.0
E0221D80-78F6-427B-8B35-847252F7E423,LightForm: Embedding Materials Engineering in Manufacturing with Light Alloys,Computer & Quantitative Sciences,40.0
E0221D80-78F6-427B-8B35-847252F7E423,LightForm: Embedding Materials Engineering in Manufacturing with Light Alloys,Materials & Chemistry,60.0
E02E6FFB-AB47-4B8D-B3D4-C149735281CE,Transition of WEEE to the Circular Economy,Computer & Quantitative Sciences,15.0
E02E6FFB-AB47-4B8D-B3D4-C149735281CE,Transition of WEEE to the Circular Economy,Engineering & Manufacturing,35.0
E02E6FFB-AB47-4B8D-B3D4-C149735281CE,Transition of WEEE to the Circular Economy,Environmental & Earth Sciences,25.0
E02E6FFB-AB47-4B8D-B3D4-C149735281CE,Transition of WEEE to the Circular Economy,Materials & Chemistry,25.0
E09E10B4-7448-4754-8F15-CF007567A3CC,Land Use for Net Zero Hub,Environmental & Earth Sciences,20.0
E09E10B4-7448-4754-8F15-CF007567A3CC,Land Use for Net Zero Hub,"Life, Agricultural & Health Sciences",60.0
E09E10B4-7448-4754-8F15-CF007567A3CC,Land Use for Net Zero Hub,"Social Sciences, Business & Economics",20.0
E48AD4DF-E9C4-4CFF-970A-1CD0F20051F6,Digital Circular Electrochemical Economy (DCEE),Computer & Quantitative Sciences,50.0
E48AD4DF-E9C4-4CFF-970A-1CD0F20051F6,Digital Circular Electrochemical Economy (DCEE),Energy,50.0
E64D9263-A724-40A8-B00E-9E1B564D17D1,PATCH: Plasma Assisted Thermo-CHemical energy storage for Carnot batteries,Energy,80.0
E64D9263-A724-40A8-B00E-9E1B564D17D1,PATCH: Plasma Assisted Thermo-CHemical energy storage for Carnot batteries,Materials & Chemistry,20.0
E72C22A4-C6E1-494B-BA9C-B6CF0D766942,"Biogeochemistry, Bioextraction and Biorecovery of Rare Earth Elements - BioORE.",Engineering & Manufacturing,75.0
E72C22A4-C6E1-494B-BA9C-B6CF0D766942,"Biogeochemistry, Bioextraction and Biorecovery of Rare Earth Elements - BioORE.","Life, Agricultural & Health Sciences",25.0
E9532731-99CF-45BA-B295-C456A53743E3,Many Happy Returns - Enabling reusable packaging systems,"Arts, Humanities & Behavioural Sciences",20.0
E9532731-99CF-45BA-B295-C456A53743E3,Many Happy Returns - Enabling reusable packaging systems,Computer & Quantitative Sciences,10.0
E9532731-99CF-45BA-B295-C456A53743E3,Many Happy Returns - Enabling reusable packaging systems,Environmental & Earth Sciences,60.0
E9532731-99CF-45BA-B295-C456A53743E3,Many Happy Returns - Enabling reusable packaging systems,"Social Sciences, Business & Economics",10.0
E98C5802-8938-4368-9DCD-889CA5AF8406,"Textile waste refinery for the production of recycled plastic, cellulose and dye",Computer & Quantitative Sciences,10.0
E98C5802-8938-4368-9DCD-889CA5AF8406,"Textile waste refinery for the production of recycled plastic, cellulose and dye",Engineering & Manufacturing,75.0
E98C5802-8938-4368-9DCD-889CA5AF8406,"Textile waste refinery for the production of recycled plastic, cellulose and dye",Materials & Chemistry,15.0
E9A5A90F-EADC-444D-8071-471C99DBEA34,Policy and practice: understanding the built environment's transition to a circular economy in the UK and Canada,Engineering & Manufacturing,67.0
E9A5A90F-EADC-444D-8071-471C99DBEA34,Policy and practice: understanding the built environment's transition to a circular economy in the UK and Canada,Environmental & Earth Sciences,33.0
EA132B27-5C19-4DBE-A741-401F669E3386,"Biosolids, Yield, Organic amendments in SOil. research to mitigate LeachIng and Denitrification: BYOSOLID",Environmental & Earth Sciences,85.0
EA132B27-5C19-4DBE-A741-401F669E3386,"Biosolids, Yield, Organic amendments in SOil. research to mitigate LeachIng and Denitrification: BYOSOLID","Life, Agricultural & Health Sciences",15.0
EA65CF59-EA96-4C0A-8440-3985DEA3172B,Self-Resilient Reconfigurable Assembly Systems with In-process Quality Improvement,Engineering & Manufacturing,100.0
EA69E373-B76F-4DA5-B562-86C5CFC93CCD,LUSTER - London Urban Sub-Terrain Energy Recovery,Energy,100.0
EA9271C9-B68D-4738-BA35-AF2E2F7D2325,Generalised Photocatalysis by Enzymes (GENPENZ),"Life, Agricultural & Health Sciences",100.0
EBB9C51B-D9F6-4566-82DA-2CF2672F0B95,Sustainable Fire-Spalling-Resistant Concrete,Engineering & Manufacturing,100.0
EC2F2E3A-8AE5-40A3-86DD-81A18C41AB86,PROMT: Philippines Remediation of Mine Tailings,Computer & Quantitative Sciences,35.0
EC2F2E3A-8AE5-40A3-86DD-81A18C41AB86,PROMT: Philippines Remediation of Mine Tailings,Engineering & Manufacturing,20.0
EC2F2E3A-8AE5-40A3-86DD-81A18C41AB86,PROMT: Philippines Remediation of Mine Tailings,Environmental & Earth Sciences,45.0
ED2EE342-3FA1-4BF6-85F3-18668BF5CFA4,Preventing Plastic Pollution with Engineering Biology (P3EB) Mission Hub,Engineering & Manufacturing,37.5
ED2EE342-3FA1-4BF6-85F3-18668BF5CFA4,Preventing Plastic Pollution with Engineering Biology (P3EB) Mission Hub,Environmental & Earth Sciences,25.0
ED2EE342-3FA1-4BF6-85F3-18668BF5CFA4,Preventing Plastic Pollution with Engineering Biology (P3EB) Mission Hub,"Life, Agricultural & Health Sciences",12.5
ED2EE342-3FA1-4BF6-85F3-18668BF5CFA4,Preventing Plastic Pollution with Engineering Biology (P3EB) Mission Hub,Materials & Chemistry,25.0
ED7EA779-974A-4F72-9812-8F39FE588C45,Feasibility of a wetting layer absorption carbon capture process based on chemical solvents,Energy,100.0
EE502BC0-234C-4828-88F6-2634573C075E,3DP-RDM: Defining the research agenda for 3D printing enabled re-distributed manufacturing,Engineering & Manufacturing,100.0
EE528020-2277-4562-A3A4-D4F6D42F7876,The Economics of Marine Plastic Pollution: What are the Benefits of International Cooperation?,Environmental & Earth Sciences,50.0
EE528020-2277-4562-A3A4-D4F6D42F7876,The Economics of Marine Plastic Pollution: What are the Benefits of International Cooperation?,"Social Sciences, Business & Economics",50.0
EE7F8FEF-FC73-4BF2-8A30-B9A7FA92CF10,Green Recycling And re-manufacturing of Carbon fibre composites for a circular Economy (GRACE),Environmental & Earth Sciences,40.0
EE7F8FEF-FC73-4BF2-8A30-B9A7FA92CF10,Green Recycling And re-manufacturing of Carbon fibre composites for a circular Economy (GRACE),Materials & Chemistry,60.0
EEF37D8C-3000-4D3E-8A54-C7809DCA80FA,"""Free-from"": transition metal-free and anode-free potassium batteries",Energy,100.0
EF07D406-1708-45B9-BA0C-65CACA91FE34,Made Smarter Innovation - Materials Made Smarter Research Centre,Engineering & Manufacturing,70.0
EF07D406-1708-45B9-BA0C-65CACA91FE34,Made Smarter Innovation - Materials Made Smarter Research Centre,Materials & Chemistry,30.0
EF35AA58-B9B5-4DB1-BEDF-12D491E99820,THrough life Energy and Resource Modelling (THERM),"Social Sciences, Business & Economics",100.0
F10DCCB4-ABAE-45D2-A84E-AC7AED2BB51A,Resource recovery and remediation of alkaline wastes,Environmental & Earth Sciences,65.0
F10DCCB4-ABAE-45D2-A84E-AC7AED2BB51A,Resource recovery and remediation of alkaline wastes,"Life, Agricultural & Health Sciences",20.0
F10DCCB4-ABAE-45D2-A84E-AC7AED2BB51A,Resource recovery and remediation of alkaline wastes,"Social Sciences, Business & Economics",15.0
F12E9977-ED7F-4D96-AD5C-C8555A9B8602,"Maker-centric: building place-based, co-making communities","Arts, Humanities & Behavioural Sciences",100.0
F1FE0141-D148-419F-8E60-408EB569B206,Fibre Fusion: Circular Manufacturing of Water Repelling Bacterial Cellulose Through a Biological Approach,Engineering & Manufacturing,100.0
F2260603-7244-4D48-848F-F67432E82643,A UK-China partnership for energy and materials recovery in steelmaking,Engineering & Manufacturing,50.0
F2260603-7244-4D48-848F-F67432E82643,A UK-China partnership for energy and materials recovery in steelmaking,Materials & Chemistry,50.0
F40FF567-FE56-4FD2-B3EF-8FC1C841E0D8,Decarbonising the Surfactant and Functional Polymer Value Chains by enzymatic processes,Engineering & Manufacturing,78.57142857142857
F40FF567-FE56-4FD2-B3EF-8FC1C841E0D8,Decarbonising the Surfactant and Functional Polymer Value Chains by enzymatic processes,"Life, Agricultural & Health Sciences",21.428571428571427
F48FABF4-07BF-47CB-94B9-BBD3323BAE9A,Industrial Robots-as-a-Service (IRaaS) - Resilient and responsive manufacturing systems enabled by rapidly deployable mobile robots,Engineering & Manufacturing,100.0
F4B8DF42-14D2-441F-89BC-E3CB66715190,UKRI National Circular Economy Hub (CE-HUB),Engineering & Manufacturing,100.0
F50002F3-DBE0-49B7-BC76-64F66A2BA1FE,"A bench-top, parallel 8 bioreactor platform for optimizing the sustainable production of pharmaceuticals, biologics, materials, fuels and foods",Engineering & Manufacturing,80.0
F50002F3-DBE0-49B7-BC76-64F66A2BA1FE,"A bench-top, parallel 8 bioreactor platform for optimizing the sustainable production of pharmaceuticals, biologics, materials, fuels and foods","Life, Agricultural & Health Sciences",20.0
F580B345-8F30-420B-BA98-09F9D0F67797,Retrofit strategies for Existing STructures against prOgRessive collapsE (RESTORE),Engineering & Manufacturing,73.68421052631578
F580B345-8F30-420B-BA98-09F9D0F67797,Retrofit strategies for Existing STructures against prOgRessive collapsE (RESTORE),Environmental & Earth Sciences,26.31578947368421
F6770001-6938-42EA-BE0D-82532CBEDF6D,Reducing contamination risk and increasing yields in the production of platform sugars from UK MSW,Engineering & Manufacturing,100.0
F805470B-2AC8-46AE-8116-F15906A1FFB1,"Aquifer thermal energy storage for decarbonisation of heating and cooling: Overcoming technical, economic and societal barriers to UK deployment",Environmental & Earth Sciences,100.0
F92C668A-18D6-4864-BDE5-96B88432A023,Van der Waals Ga2O3 functional materials epitaxy: Revolutionary power electronics,Computer & Quantitative Sciences,75.0
F92C668A-18D6-4864-BDE5-96B88432A023,Van der Waals Ga2O3 functional materials epitaxy: Revolutionary power electronics,Materials & Chemistry,25.0
F92F782F-0BFC-45C6-9A7C-B6A64307E902,"Design HOPES (Healthy Organisations in a Place-based Ecosystem, Scotland)",Engineering & Manufacturing,100.0
F96A52D1-3A94-428B-807B-36ABAE35D7C6,Assessing Material Efficiency and Impacts in Buildings (AMEIB),Engineering & Manufacturing,100.0
F9E0AEBB-C717-432F-B00C-A654A48F9646,ASPIRE - Accelerated Supergene Processes in Repository Engineering,Engineering & Manufacturing,100.0
FA0F80F3-B70E-4B84-A843-C383CA3C7A60,EXHUME - Efficient X-sector use of HeterogeneoUs MatErials in Manufacturing,Engineering & Manufacturing,50.0
FA0F80F3-B70E-4B84-A843-C383CA3C7A60,EXHUME - Efficient X-sector use of HeterogeneoUs MatErials in Manufacturing,Environmental & Earth Sciences,50.0
FA117780-BF7C-49E1-A583-388600B8EB50,Gypsies Forging Sustainable Futures: Representing Romani Environmental Knowledge and Practices Through Traditional Metal Artwork and Dance,"Arts, Humanities & Behavioural Sciences",50.0
FA117780-BF7C-49E1-A583-388600B8EB50,Gypsies Forging Sustainable Futures: Representing Romani Environmental Knowledge and Practices Through Traditional Metal Artwork and Dance,"Social Sciences, Business & Economics",50.0
FA6A5F10-9AB3-4044-8E0E-24D3365E0682,The development and implementation of sensors and treatment technologies for freshwater systems in India,Engineering & Manufacturing,20.0
FA6A5F10-9AB3-4044-8E0E-24D3365E0682,The development and implementation of sensors and treatment technologies for freshwater systems in India,Environmental & Earth Sciences,80.0
FD76A113-EF64-4DD9-AF28-690F6B682129,Euro-China Green Economy theme: SINCERE (Sino-European Circular Economy and Resource Efficiency),"Social Sciences, Business & Economics",100.0
FD9D6012-AF8D-4143-A04E-CEDD324422CC,Critical Elements and Materials Network (CrEAM),Environmental & Earth Sciences,50.0
FD9D6012-AF8D-4143-A04E-CEDD324422CC,Critical Elements and Materials Network (CrEAM),Materials & Chemistry,50.0
FDA07331-23CE-4FB7-A87C-E6B218D45BA1,Consumer Experience (CX) Digital Tools for Dematerialisation for the Circular Economy,Computer & Quantitative Sciences,100.0
FDB17031-9E6B-4FD6-B603-98D3FB5B8AD5,From arc magmas to ores (FAMOS): A mineral systems approach,Engineering & Manufacturing,15.0
FDB17031-9E6B-4FD6-B603-98D3FB5B8AD5,From arc magmas to ores (FAMOS): A mineral systems approach,Environmental & Earth Sciences,85.0
FE52EDBE-1C09-4E01-AB75-27549184CC60,SS-DSC: Stainless steel-concrete composite beams with stainless-steel demountable shear connectors for sustainable infrastructure,Engineering & Manufacturing,100.0
FF7503DB-11B9-488B-B5B7-2B7FCF341DA4,Autonomous Inspection in Manufacturing & Remanufacturing (AIMaReM),Engineering & Manufacturing,100.0
FF8F8101-39A0-4237-87DF-48BFAC359B1C,Understanding and exploiting biological metal-nanoparticle synthesis for metal recovery,Engineering & Manufacturing,60.0
FF8F8101-39A0-4237-87DF-48BFAC359B1C,Understanding and exploiting biological metal-nanoparticle synthesis for metal recovery,"Life, Agricultural & Health Sciences",40.0
FFA302ED-CFFB-44F4-BBDB-29E604E2BF62,Development of a Novel Acoustic Based State-of-Charge Sensor (SOC) for Lithium-Ion Batteries,Energy,33.33333333333333
FFA302ED-CFFB-44F4-BBDB-29E604E2BF62,Development of a Novel Acoustic Based State-of-Charge Sensor (SOC) for Lithium-Ion Batteries,Engineering & Manufacturing,66.66666666666666
FFC0183A-C9E4-4D25-8F95-C9DCC3E4A9D9,Whole systems understanding of unavoidable food supply chain wastes for re-nutrition,Engineering & Manufacturing,35.0
FFC0183A-C9E4-4D25-8F95-C9DCC3E4A9D9,Whole systems understanding of unavoidable food supply chain wastes for re-nutrition,Environmental & Earth Sciences,30.0
FFC0183A-C9E4-4D25-8F95-C9DCC3E4A9D9,Whole systems understanding of unavoidable food supply chain wastes for re-nutrition,"Life, Agricultural & Health Sciences",35.0
